{"inputs":{"bazel-out/k8-fastbuild/bin/devtools/projects/shell-chrome/src/devtools.mjs":{"bytes":1184,"imports":[]}},"outputs":{"bazel-out/k8-fastbuild/bin/devtools/projects/shell-chrome/src/devtools_bundle.js.map":{"imports":[],"exports":[],"inputs":{},"bytes":534},"bazel-out/k8-fastbuild/bin/devtools/projects/shell-chrome/src/devtools_bundle.js":{"imports":[],"exports":[],"entryPoint":"bazel-out/k8-fastbuild/bin/devtools/projects/shell-chrome/src/devtools.mjs","inputs":{"bazel-out/k8-fastbuild/bin/devtools/projects/shell-chrome/src/devtools.mjs":{"bytesInOutput":80}},"bytes":404}}}