{"inputs":{"node_modules/rxjs/_esm2015/internal/util/isFunction.js":{"bytes":108,"imports":[]},"node_modules/rxjs/_esm2015/internal/config.js":{"bytes":776,"imports":[]},"node_modules/rxjs/_esm2015/internal/util/hostReportError.js":{"bytes":125,"imports":[]},"node_modules/rxjs/_esm2015/internal/Observer.js":{"bytes":389,"imports":[{"path":"node_modules/rxjs/_esm2015/internal/config.js","kind":"import-statement"},{"path":"node_modules/rxjs/_esm2015/internal/util/hostReportError.js","kind":"import-statement"}]},"node_modules/rxjs/_esm2015/internal/util/isArray.js":{"bytes":129,"imports":[]},"node_modules/rxjs/_esm2015/internal/util/isObject.js":{"bytes":116,"imports":[]},"node_modules/rxjs/_esm2015/internal/util/UnsubscriptionError.js":{"bytes":613,"imports":[]},"node_modules/rxjs/_esm2015/internal/Subscription.js":{"bytes":4788,"imports":[{"path":"node_modules/rxjs/_esm2015/internal/util/isArray.js","kind":"import-statement"},{"path":"node_modules/rxjs/_esm2015/internal/util/isObject.js","kind":"import-statement"},{"path":"node_modules/rxjs/_esm2015/internal/util/isFunction.js","kind":"import-statement"},{"path":"node_modules/rxjs/_esm2015/internal/util/UnsubscriptionError.js","kind":"import-statement"}]},"node_modules/rxjs/_esm2015/internal/symbol/rxSubscriber.js":{"bytes":221,"imports":[]},"node_modules/rxjs/_esm2015/internal/Subscriber.js":{"bytes":7372,"imports":[{"path":"node_modules/rxjs/_esm2015/internal/util/isFunction.js","kind":"import-statement"},{"path":"node_modules/rxjs/_esm2015/internal/Observer.js","kind":"import-statement"},{"path":"node_modules/rxjs/_esm2015/internal/Subscription.js","kind":"import-statement"},{"path":"node_modules/rxjs/_esm2015/internal/symbol/rxSubscriber.js","kind":"import-statement"},{"path":"node_modules/rxjs/_esm2015/internal/config.js","kind":"import-statement"},{"path":"node_modules/rxjs/_esm2015/internal/util/hostReportError.js","kind":"import-statement"}]},"node_modules/rxjs/_esm2015/internal/util/canReportError.js":{"bytes":478,"imports":[{"path":"node_modules/rxjs/_esm2015/internal/Subscriber.js","kind":"import-statement"}]},"node_modules/rxjs/_esm2015/internal/util/toSubscriber.js":{"bytes":689,"imports":[{"path":"node_modules/rxjs/_esm2015/internal/Subscriber.js","kind":"import-statement"},{"path":"node_modules/rxjs/_esm2015/internal/symbol/rxSubscriber.js","kind":"import-statement"},{"path":"node_modules/rxjs/_esm2015/internal/Observer.js","kind":"import-statement"}]},"node_modules/rxjs/_esm2015/internal/symbol/observable.js":{"bytes":143,"imports":[]},"node_modules/rxjs/_esm2015/internal/util/identity.js":{"bytes":82,"imports":[]},"node_modules/rxjs/_esm2015/internal/util/pipe.js":{"bytes":390,"imports":[{"path":"node_modules/rxjs/_esm2015/internal/util/identity.js","kind":"import-statement"}]},"node_modules/rxjs/_esm2015/internal/Observable.js":{"bytes":3308,"imports":[{"path":"node_modules/rxjs/_esm2015/internal/util/canReportError.js","kind":"import-statement"},{"path":"node_modules/rxjs/_esm2015/internal/util/toSubscriber.js","kind":"import-statement"},{"path":"node_modules/rxjs/_esm2015/internal/symbol/observable.js","kind":"import-statement"},{"path":"node_modules/rxjs/_esm2015/internal/util/pipe.js","kind":"import-statement"},{"path":"node_modules/rxjs/_esm2015/internal/config.js","kind":"import-statement"}]},"node_modules/rxjs/_esm2015/internal/util/subscribeToArray.js":{"bytes":254,"imports":[]},"node_modules/rxjs/_esm2015/internal/util/subscribeToPromise.js":{"bytes":412,"imports":[{"path":"node_modules/rxjs/_esm2015/internal/util/hostReportError.js","kind":"import-statement"}]},"node_modules/rxjs/_esm2015/internal/symbol/iterator.js":{"bytes":280,"imports":[]},"node_modules/rxjs/_esm2015/internal/util/subscribeToIterable.js":{"bytes":831,"imports":[{"path":"node_modules/rxjs/_esm2015/internal/symbol/iterator.js","kind":"import-statement"}]},"node_modules/rxjs/_esm2015/internal/util/subscribeToObservable.js":{"bytes":437,"imports":[{"path":"node_modules/rxjs/_esm2015/internal/symbol/observable.js","kind":"import-statement"}]},"node_modules/rxjs/_esm2015/internal/util/isArrayLike.js":{"bytes":137,"imports":[]},"node_modules/rxjs/_esm2015/internal/util/isPromise.js":{"bytes":171,"imports":[]},"node_modules/rxjs/_esm2015/internal/util/subscribeTo.js":{"bytes":1279,"imports":[{"path":"node_modules/rxjs/_esm2015/internal/util/subscribeToArray.js","kind":"import-statement"},{"path":"node_modules/rxjs/_esm2015/internal/util/subscribeToPromise.js","kind":"import-statement"},{"path":"node_modules/rxjs/_esm2015/internal/util/subscribeToIterable.js","kind":"import-statement"},{"path":"node_modules/rxjs/_esm2015/internal/util/subscribeToObservable.js","kind":"import-statement"},{"path":"node_modules/rxjs/_esm2015/internal/util/isArrayLike.js","kind":"import-statement"},{"path":"node_modules/rxjs/_esm2015/internal/util/isPromise.js","kind":"import-statement"},{"path":"node_modules/rxjs/_esm2015/internal/util/isObject.js","kind":"import-statement"},{"path":"node_modules/rxjs/_esm2015/internal/symbol/iterator.js","kind":"import-statement"},{"path":"node_modules/rxjs/_esm2015/internal/symbol/observable.js","kind":"import-statement"}]},"node_modules/rxjs/_esm2015/internal/innerSubscribe.js":{"bytes":2090,"imports":[{"path":"node_modules/rxjs/_esm2015/internal/Subscriber.js","kind":"import-statement"},{"path":"node_modules/rxjs/_esm2015/internal/Observable.js","kind":"import-statement"},{"path":"node_modules/rxjs/_esm2015/internal/util/subscribeTo.js","kind":"import-statement"}]},"node_modules/rxjs/_esm2015/internal/operators/audit.js":{"bytes":1938,"imports":[{"path":"node_modules/rxjs/_esm2015/internal/innerSubscribe.js","kind":"import-statement"}]},"node_modules/rxjs/_esm2015/internal/scheduler/Action.js":{"bytes":245,"imports":[{"path":"node_modules/rxjs/_esm2015/internal/Subscription.js","kind":"import-statement"}]},"node_modules/rxjs/_esm2015/internal/scheduler/AsyncAction.js":{"bytes":2362,"imports":[{"path":"node_modules/rxjs/_esm2015/internal/scheduler/Action.js","kind":"import-statement"}]},"node_modules/rxjs/_esm2015/internal/Scheduler.js":{"bytes":353,"imports":[]},"node_modules/rxjs/_esm2015/internal/scheduler/AsyncScheduler.js":{"bytes":1378,"imports":[{"path":"node_modules/rxjs/_esm2015/internal/Scheduler.js","kind":"import-statement"}]},"node_modules/rxjs/_esm2015/internal/scheduler/async.js":{"bytes":229,"imports":[{"path":"node_modules/rxjs/_esm2015/internal/scheduler/AsyncAction.js","kind":"import-statement"},{"path":"node_modules/rxjs/_esm2015/internal/scheduler/AsyncScheduler.js","kind":"import-statement"}]},"node_modules/rxjs/_esm2015/internal/util/isNumeric.js":{"bytes":171,"imports":[{"path":"node_modules/rxjs/_esm2015/internal/util/isArray.js","kind":"import-statement"}]},"node_modules/rxjs/_esm2015/internal/util/isScheduler.js":{"bytes":136,"imports":[]},"node_modules/rxjs/_esm2015/internal/observable/timer.js":{"bytes":1150,"imports":[{"path":"node_modules/rxjs/_esm2015/internal/Observable.js","kind":"import-statement"},{"path":"node_modules/rxjs/_esm2015/internal/scheduler/async.js","kind":"import-statement"},{"path":"node_modules/rxjs/_esm2015/internal/util/isNumeric.js","kind":"import-statement"},{"path":"node_modules/rxjs/_esm2015/internal/util/isScheduler.js","kind":"import-statement"}]},"node_modules/rxjs/_esm2015/internal/operators/auditTime.js":{"bytes":270,"imports":[{"path":"node_modules/rxjs/_esm2015/internal/scheduler/async.js","kind":"import-statement"},{"path":"node_modules/rxjs/_esm2015/internal/operators/audit.js","kind":"import-statement"},{"path":"node_modules/rxjs/_esm2015/internal/observable/timer.js","kind":"import-statement"}]},"node_modules/rxjs/_esm2015/internal/operators/buffer.js":{"bytes":974,"imports":[{"path":"node_modules/rxjs/_esm2015/internal/innerSubscribe.js","kind":"import-statement"}]},"node_modules/rxjs/_esm2015/internal/operators/bufferCount.js":{"bytes":2474,"imports":[{"path":"node_modules/rxjs/_esm2015/internal/Subscriber.js","kind":"import-statement"}]},"node_modules/rxjs/_esm2015/internal/operators/bufferTime.js":{"bytes":5382,"imports":[{"path":"node_modules/rxjs/_esm2015/internal/scheduler/async.js","kind":"import-statement"},{"path":"node_modules/rxjs/_esm2015/internal/Subscriber.js","kind":"import-statement"},{"path":"node_modules/rxjs/_esm2015/internal/util/isScheduler.js","kind":"import-statement"}]},"node_modules/rxjs/_esm2015/internal/InnerSubscriber.js":{"bytes":653,"imports":[{"path":"node_modules/rxjs/_esm2015/internal/Subscriber.js","kind":"import-statement"}]},"node_modules/rxjs/_esm2015/internal/util/subscribeToResult.js":{"bytes":566,"imports":[{"path":"node_modules/rxjs/_esm2015/internal/InnerSubscriber.js","kind":"import-statement"},{"path":"node_modules/rxjs/_esm2015/internal/util/subscribeTo.js","kind":"import-statement"},{"path":"node_modules/rxjs/_esm2015/internal/Observable.js","kind":"import-statement"}]},"node_modules/rxjs/_esm2015/internal/OuterSubscriber.js":{"bytes":416,"imports":[{"path":"node_modules/rxjs/_esm2015/internal/Subscriber.js","kind":"import-statement"}]},"node_modules/rxjs/_esm2015/internal/operators/bufferToggle.js":{"bytes":3434,"imports":[{"path":"node_modules/rxjs/_esm2015/internal/Subscription.js","kind":"import-statement"},{"path":"node_modules/rxjs/_esm2015/internal/util/subscribeToResult.js","kind":"import-statement"},{"path":"node_modules/rxjs/_esm2015/internal/OuterSubscriber.js","kind":"import-statement"}]},"node_modules/rxjs/_esm2015/internal/operators/bufferWhen.js":{"bytes":2237,"imports":[{"path":"node_modules/rxjs/_esm2015/internal/Subscription.js","kind":"import-statement"},{"path":"node_modules/rxjs/_esm2015/internal/innerSubscribe.js","kind":"import-statement"}]},"node_modules/rxjs/_esm2015/internal/operators/catchError.js":{"bytes":1434,"imports":[{"path":"node_modules/rxjs/_esm2015/internal/innerSubscribe.js","kind":"import-statement"}]},"node_modules/rxjs/_esm2015/internal/scheduled/scheduleArray.js":{"bytes":626,"imports":[{"path":"node_modules/rxjs/_esm2015/internal/Observable.js","kind":"import-statement"},{"path":"node_modules/rxjs/_esm2015/internal/Subscription.js","kind":"import-statement"}]},"node_modules/rxjs/_esm2015/internal/observable/fromArray.js":{"bytes":399,"imports":[{"path":"node_modules/rxjs/_esm2015/internal/Observable.js","kind":"import-statement"},{"path":"node_modules/rxjs/_esm2015/internal/util/subscribeToArray.js","kind":"import-statement"},{"path":"node_modules/rxjs/_esm2015/internal/scheduled/scheduleArray.js","kind":"import-statement"}]},"node_modules/rxjs/_esm2015/internal/observable/combineLatest.js":{"bytes":2889,"imports":[{"path":"node_modules/rxjs/_esm2015/internal/util/isScheduler.js","kind":"import-statement"},{"path":"node_modules/rxjs/_esm2015/internal/util/isArray.js","kind":"import-statement"},{"path":"node_modules/rxjs/_esm2015/internal/OuterSubscriber.js","kind":"import-statement"},{"path":"node_modules/rxjs/_esm2015/internal/util/subscribeToResult.js","kind":"import-statement"},{"path":"node_modules/rxjs/_esm2015/internal/observable/fromArray.js","kind":"import-statement"}]},"node_modules/rxjs/_esm2015/internal/operators/combineAll.js":{"bytes":219,"imports":[{"path":"node_modules/rxjs/_esm2015/internal/observable/combineLatest.js","kind":"import-statement"}]},"node_modules/rxjs/_esm2015/internal/scheduled/scheduleObservable.js":{"bytes":824,"imports":[{"path":"node_modules/rxjs/_esm2015/internal/Observable.js","kind":"import-statement"},{"path":"node_modules/rxjs/_esm2015/internal/Subscription.js","kind":"import-statement"},{"path":"node_modules/rxjs/_esm2015/internal/symbol/observable.js","kind":"import-statement"}]},"node_modules/rxjs/_esm2015/internal/scheduled/schedulePromise.js":{"bytes":644,"imports":[{"path":"node_modules/rxjs/_esm2015/internal/Observable.js","kind":"import-statement"},{"path":"node_modules/rxjs/_esm2015/internal/Subscription.js","kind":"import-statement"}]},"node_modules/rxjs/_esm2015/internal/scheduled/scheduleIterable.js":{"bytes":1438,"imports":[{"path":"node_modules/rxjs/_esm2015/internal/Observable.js","kind":"import-statement"},{"path":"node_modules/rxjs/_esm2015/internal/Subscription.js","kind":"import-statement"},{"path":"node_modules/rxjs/_esm2015/internal/symbol/iterator.js","kind":"import-statement"}]},"node_modules/rxjs/_esm2015/internal/util/isInteropObservable.js":{"bytes":234,"imports":[{"path":"node_modules/rxjs/_esm2015/internal/symbol/observable.js","kind":"import-statement"}]},"node_modules/rxjs/_esm2015/internal/util/isIterable.js":{"bytes":208,"imports":[{"path":"node_modules/rxjs/_esm2015/internal/symbol/iterator.js","kind":"import-statement"}]},"node_modules/rxjs/_esm2015/internal/scheduled/scheduled.js":{"bytes":1080,"imports":[{"path":"node_modules/rxjs/_esm2015/internal/scheduled/scheduleObservable.js","kind":"import-statement"},{"path":"node_modules/rxjs/_esm2015/internal/scheduled/schedulePromise.js","kind":"import-statement"},{"path":"node_modules/rxjs/_esm2015/internal/scheduled/scheduleArray.js","kind":"import-statement"},{"path":"node_modules/rxjs/_esm2015/internal/scheduled/scheduleIterable.js","kind":"import-statement"},{"path":"node_modules/rxjs/_esm2015/internal/util/isInteropObservable.js","kind":"import-statement"},{"path":"node_modules/rxjs/_esm2015/internal/util/isPromise.js","kind":"import-statement"},{"path":"node_modules/rxjs/_esm2015/internal/util/isArrayLike.js","kind":"import-statement"},{"path":"node_modules/rxjs/_esm2015/internal/util/isIterable.js","kind":"import-statement"}]},"node_modules/rxjs/_esm2015/internal/observable/from.js":{"bytes":441,"imports":[{"path":"node_modules/rxjs/_esm2015/internal/Observable.js","kind":"import-statement"},{"path":"node_modules/rxjs/_esm2015/internal/util/subscribeTo.js","kind":"import-statement"},{"path":"node_modules/rxjs/_esm2015/internal/scheduled/scheduled.js","kind":"import-statement"}]},"node_modules/rxjs/_esm2015/internal/operators/combineLatest.js":{"bytes":623,"imports":[{"path":"node_modules/rxjs/_esm2015/internal/util/isArray.js","kind":"import-statement"},{"path":"node_modules/rxjs/_esm2015/internal/observable/combineLatest.js","kind":"import-statement"},{"path":"node_modules/rxjs/_esm2015/internal/observable/from.js","kind":"import-statement"}]},"node_modules/rxjs/_esm2015/internal/observable/of.js":{"bytes":413,"imports":[{"path":"node_modules/rxjs/_esm2015/internal/util/isScheduler.js","kind":"import-statement"},{"path":"node_modules/rxjs/_esm2015/internal/observable/fromArray.js","kind":"import-statement"},{"path":"node_modules/rxjs/_esm2015/internal/scheduled/scheduleArray.js","kind":"import-statement"}]},"node_modules/rxjs/_esm2015/internal/operators/map.js":{"bytes":1142,"imports":[{"path":"node_modules/rxjs/_esm2015/internal/Subscriber.js","kind":"import-statement"}]},"node_modules/rxjs/_esm2015/internal/operators/mergeMap.js":{"bytes":2771,"imports":[{"path":"node_modules/rxjs/_esm2015/internal/operators/map.js","kind":"import-statement"},{"path":"node_modules/rxjs/_esm2015/internal/observable/from.js","kind":"import-statement"},{"path":"node_modules/rxjs/_esm2015/internal/innerSubscribe.js","kind":"import-statement"}]},"node_modules/rxjs/_esm2015/internal/operators/mergeAll.js":{"bytes":231,"imports":[{"path":"node_modules/rxjs/_esm2015/internal/operators/mergeMap.js","kind":"import-statement"},{"path":"node_modules/rxjs/_esm2015/internal/util/identity.js","kind":"import-statement"}]},"node_modules/rxjs/_esm2015/internal/operators/concatAll.js":{"bytes":132,"imports":[{"path":"node_modules/rxjs/_esm2015/internal/operators/mergeAll.js","kind":"import-statement"}]},"node_modules/rxjs/_esm2015/internal/observable/concat.js":{"bytes":200,"imports":[{"path":"node_modules/rxjs/_esm2015/internal/observable/of.js","kind":"import-statement"},{"path":"node_modules/rxjs/_esm2015/internal/operators/concatAll.js","kind":"import-statement"}]},"node_modules/rxjs/_esm2015/internal/operators/concat.js":{"bytes":219,"imports":[{"path":"node_modules/rxjs/_esm2015/internal/observable/concat.js","kind":"import-statement"}]},"node_modules/rxjs/_esm2015/internal/operators/concatMap.js":{"bytes":180,"imports":[{"path":"node_modules/rxjs/_esm2015/internal/operators/mergeMap.js","kind":"import-statement"}]},"node_modules/rxjs/_esm2015/internal/operators/concatMapTo.js":{"bytes":206,"imports":[{"path":"node_modules/rxjs/_esm2015/internal/operators/concatMap.js","kind":"import-statement"}]},"node_modules/rxjs/_esm2015/internal/operators/count.js":{"bytes":1254,"imports":[{"path":"node_modules/rxjs/_esm2015/internal/Subscriber.js","kind":"import-statement"}]},"node_modules/rxjs/_esm2015/internal/operators/debounce.js":{"bytes":2124,"imports":[{"path":"node_modules/rxjs/_esm2015/internal/innerSubscribe.js","kind":"import-statement"}]},"node_modules/rxjs/_esm2015/internal/operators/debounceTime.js":{"bytes":1795,"imports":[{"path":"node_modules/rxjs/_esm2015/internal/Subscriber.js","kind":"import-statement"},{"path":"node_modules/rxjs/_esm2015/internal/scheduler/async.js","kind":"import-statement"}]},"node_modules/rxjs/_esm2015/internal/operators/defaultIfEmpty.js":{"bytes":914,"imports":[{"path":"node_modules/rxjs/_esm2015/internal/Subscriber.js","kind":"import-statement"}]},"node_modules/rxjs/_esm2015/internal/util/isDate.js":{"bytes":120,"imports":[]},"node_modules/rxjs/_esm2015/internal/observable/empty.js":{"bytes":375,"imports":[{"path":"node_modules/rxjs/_esm2015/internal/Observable.js","kind":"import-statement"}]},"node_modules/rxjs/_esm2015/internal/observable/throwError.js":{"bytes":421,"imports":[{"path":"node_modules/rxjs/_esm2015/internal/Observable.js","kind":"import-statement"}]},"node_modules/rxjs/_esm2015/internal/Notification.js":{"bytes":2364,"imports":[{"path":"node_modules/rxjs/_esm2015/internal/observable/empty.js","kind":"import-statement"},{"path":"node_modules/rxjs/_esm2015/internal/observable/of.js","kind":"import-statement"},{"path":"node_modules/rxjs/_esm2015/internal/observable/throwError.js","kind":"import-statement"}]},"node_modules/rxjs/_esm2015/internal/operators/delay.js":{"bytes":2723,"imports":[{"path":"node_modules/rxjs/_esm2015/internal/scheduler/async.js","kind":"import-statement"},{"path":"node_modules/rxjs/_esm2015/internal/util/isDate.js","kind":"import-statement"},{"path":"node_modules/rxjs/_esm2015/internal/Subscriber.js","kind":"import-statement"},{"path":"node_modules/rxjs/_esm2015/internal/Notification.js","kind":"import-statement"}]},"node_modules/rxjs/_esm2015/internal/operators/delayWhen.js":{"bytes":3911,"imports":[{"path":"node_modules/rxjs/_esm2015/internal/Subscriber.js","kind":"import-statement"},{"path":"node_modules/rxjs/_esm2015/internal/Observable.js","kind":"import-statement"},{"path":"node_modules/rxjs/_esm2015/internal/OuterSubscriber.js","kind":"import-statement"},{"path":"node_modules/rxjs/_esm2015/internal/util/subscribeToResult.js","kind":"import-statement"}]},"node_modules/rxjs/_esm2015/internal/operators/dematerialize.js":{"bytes":572,"imports":[{"path":"node_modules/rxjs/_esm2015/internal/Subscriber.js","kind":"import-statement"}]},"node_modules/rxjs/_esm2015/internal/operators/distinct.js":{"bytes":1648,"imports":[{"path":"node_modules/rxjs/_esm2015/internal/innerSubscribe.js","kind":"import-statement"}]},"node_modules/rxjs/_esm2015/internal/operators/distinctUntilChanged.js":{"bytes":1599,"imports":[{"path":"node_modules/rxjs/_esm2015/internal/Subscriber.js","kind":"import-statement"}]},"node_modules/rxjs/_esm2015/internal/operators/distinctUntilKeyChanged.js":{"bytes":270,"imports":[{"path":"node_modules/rxjs/_esm2015/internal/operators/distinctUntilChanged.js","kind":"import-statement"}]},"node_modules/rxjs/_esm2015/internal/util/ArgumentOutOfRangeError.js":{"bytes":479,"imports":[]},"node_modules/rxjs/_esm2015/internal/operators/filter.js":{"bytes":1060,"imports":[{"path":"node_modules/rxjs/_esm2015/internal/Subscriber.js","kind":"import-statement"}]},"node_modules/rxjs/_esm2015/internal/util/EmptyError.js":{"bytes":377,"imports":[]},"node_modules/rxjs/_esm2015/internal/operators/throwIfEmpty.js":{"bytes":1240,"imports":[{"path":"node_modules/rxjs/_esm2015/internal/util/EmptyError.js","kind":"import-statement"},{"path":"node_modules/rxjs/_esm2015/internal/Subscriber.js","kind":"import-statement"}]},"node_modules/rxjs/_esm2015/internal/operators/take.js":{"bytes":1165,"imports":[{"path":"node_modules/rxjs/_esm2015/internal/Subscriber.js","kind":"import-statement"},{"path":"node_modules/rxjs/_esm2015/internal/util/ArgumentOutOfRangeError.js","kind":"import-statement"},{"path":"node_modules/rxjs/_esm2015/internal/observable/empty.js","kind":"import-statement"}]},"node_modules/rxjs/_esm2015/internal/operators/elementAt.js":{"bytes":642,"imports":[{"path":"node_modules/rxjs/_esm2015/internal/util/ArgumentOutOfRangeError.js","kind":"import-statement"},{"path":"node_modules/rxjs/_esm2015/internal/operators/filter.js","kind":"import-statement"},{"path":"node_modules/rxjs/_esm2015/internal/operators/throwIfEmpty.js","kind":"import-statement"},{"path":"node_modules/rxjs/_esm2015/internal/operators/defaultIfEmpty.js","kind":"import-statement"},{"path":"node_modules/rxjs/_esm2015/internal/operators/take.js","kind":"import-statement"}]},"node_modules/rxjs/_esm2015/internal/operators/endWith.js":{"bytes":212,"imports":[{"path":"node_modules/rxjs/_esm2015/internal/observable/concat.js","kind":"import-statement"},{"path":"node_modules/rxjs/_esm2015/internal/observable/of.js","kind":"import-statement"}]},"node_modules/rxjs/_esm2015/internal/operators/every.js":{"bytes":1343,"imports":[{"path":"node_modules/rxjs/_esm2015/internal/Subscriber.js","kind":"import-statement"}]},"node_modules/rxjs/_esm2015/internal/operators/exhaust.js":{"bytes":1053,"imports":[{"path":"node_modules/rxjs/_esm2015/internal/innerSubscribe.js","kind":"import-statement"}]},"node_modules/rxjs/_esm2015/internal/operators/exhaustMap.js":{"bytes":2239,"imports":[{"path":"node_modules/rxjs/_esm2015/internal/operators/map.js","kind":"import-statement"},{"path":"node_modules/rxjs/_esm2015/internal/observable/from.js","kind":"import-statement"},{"path":"node_modules/rxjs/_esm2015/internal/innerSubscribe.js","kind":"import-statement"}]},"node_modules/rxjs/_esm2015/internal/operators/expand.js":{"bytes":3043,"imports":[{"path":"node_modules/rxjs/_esm2015/internal/innerSubscribe.js","kind":"import-statement"}]},"node_modules/rxjs/_esm2015/internal/operators/finalize.js":{"bytes":616,"imports":[{"path":"node_modules/rxjs/_esm2015/internal/Subscriber.js","kind":"import-statement"},{"path":"node_modules/rxjs/_esm2015/internal/Subscription.js","kind":"import-statement"}]},"node_modules/rxjs/_esm2015/internal/operators/find.js":{"bytes":1703,"imports":[{"path":"node_modules/rxjs/_esm2015/internal/Subscriber.js","kind":"import-statement"}]},"node_modules/rxjs/_esm2015/internal/operators/findIndex.js":{"bytes":235,"imports":[{"path":"node_modules/rxjs/_esm2015/internal/operators/find.js","kind":"import-statement"}]},"node_modules/rxjs/_esm2015/internal/operators/first.js":{"bytes":591,"imports":[{"path":"node_modules/rxjs/_esm2015/internal/util/EmptyError.js","kind":"import-statement"},{"path":"node_modules/rxjs/_esm2015/internal/operators/filter.js","kind":"import-statement"},{"path":"node_modules/rxjs/_esm2015/internal/operators/take.js","kind":"import-statement"},{"path":"node_modules/rxjs/_esm2015/internal/operators/defaultIfEmpty.js","kind":"import-statement"},{"path":"node_modules/rxjs/_esm2015/internal/operators/throwIfEmpty.js","kind":"import-statement"},{"path":"node_modules/rxjs/_esm2015/internal/util/identity.js","kind":"import-statement"}]},"node_modules/rxjs/_esm2015/internal/util/ObjectUnsubscribedError.js":{"bytes":477,"imports":[]},"node_modules/rxjs/_esm2015/internal/SubjectSubscription.js":{"bytes":823,"imports":[{"path":"node_modules/rxjs/_esm2015/internal/Subscription.js","kind":"import-statement"}]},"node_modules/rxjs/_esm2015/internal/Subject.js":{"bytes":4123,"imports":[{"path":"node_modules/rxjs/_esm2015/internal/Observable.js","kind":"import-statement"},{"path":"node_modules/rxjs/_esm2015/internal/Subscriber.js","kind":"import-statement"},{"path":"node_modules/rxjs/_esm2015/internal/Subscription.js","kind":"import-statement"},{"path":"node_modules/rxjs/_esm2015/internal/util/ObjectUnsubscribedError.js","kind":"import-statement"},{"path":"node_modules/rxjs/_esm2015/internal/SubjectSubscription.js","kind":"import-statement"},{"path":"node_modules/rxjs/_esm2015/internal/symbol/rxSubscriber.js","kind":"import-statement"}]},"node_modules/rxjs/_esm2015/internal/operators/groupBy.js":{"bytes":5149,"imports":[{"path":"node_modules/rxjs/_esm2015/internal/Subscriber.js","kind":"import-statement"},{"path":"node_modules/rxjs/_esm2015/internal/Subscription.js","kind":"import-statement"},{"path":"node_modules/rxjs/_esm2015/internal/Observable.js","kind":"import-statement"},{"path":"node_modules/rxjs/_esm2015/internal/Subject.js","kind":"import-statement"}]},"node_modules/rxjs/_esm2015/internal/operators/ignoreElements.js":{"bytes":474,"imports":[{"path":"node_modules/rxjs/_esm2015/internal/Subscriber.js","kind":"import-statement"}]},"node_modules/rxjs/_esm2015/internal/operators/isEmpty.js":{"bytes":676,"imports":[{"path":"node_modules/rxjs/_esm2015/internal/Subscriber.js","kind":"import-statement"}]},"node_modules/rxjs/_esm2015/internal/operators/takeLast.js":{"bytes":1681,"imports":[{"path":"node_modules/rxjs/_esm2015/internal/Subscriber.js","kind":"import-statement"},{"path":"node_modules/rxjs/_esm2015/internal/util/ArgumentOutOfRangeError.js","kind":"import-statement"},{"path":"node_modules/rxjs/_esm2015/internal/observable/empty.js","kind":"import-statement"}]},"node_modules/rxjs/_esm2015/internal/operators/last.js":{"bytes":601,"imports":[{"path":"node_modules/rxjs/_esm2015/internal/util/EmptyError.js","kind":"import-statement"},{"path":"node_modules/rxjs/_esm2015/internal/operators/filter.js","kind":"import-statement"},{"path":"node_modules/rxjs/_esm2015/internal/operators/takeLast.js","kind":"import-statement"},{"path":"node_modules/rxjs/_esm2015/internal/operators/throwIfEmpty.js","kind":"import-statement"},{"path":"node_modules/rxjs/_esm2015/internal/operators/defaultIfEmpty.js","kind":"import-statement"},{"path":"node_modules/rxjs/_esm2015/internal/util/identity.js","kind":"import-statement"}]},"node_modules/rxjs/_esm2015/internal/operators/mapTo.js":{"bytes":579,"imports":[{"path":"node_modules/rxjs/_esm2015/internal/Subscriber.js","kind":"import-statement"}]},"node_modules/rxjs/_esm2015/internal/operators/materialize.js":{"bytes":946,"imports":[{"path":"node_modules/rxjs/_esm2015/internal/Subscriber.js","kind":"import-statement"},{"path":"node_modules/rxjs/_esm2015/internal/Notification.js","kind":"import-statement"}]},"node_modules/rxjs/_esm2015/internal/operators/scan.js":{"bytes":1578,"imports":[{"path":"node_modules/rxjs/_esm2015/internal/Subscriber.js","kind":"import-statement"}]},"node_modules/rxjs/_esm2015/internal/operators/reduce.js":{"bytes":613,"imports":[{"path":"node_modules/rxjs/_esm2015/internal/operators/scan.js","kind":"import-statement"},{"path":"node_modules/rxjs/_esm2015/internal/operators/takeLast.js","kind":"import-statement"},{"path":"node_modules/rxjs/_esm2015/internal/operators/defaultIfEmpty.js","kind":"import-statement"},{"path":"node_modules/rxjs/_esm2015/internal/util/pipe.js","kind":"import-statement"}]},"node_modules/rxjs/_esm2015/internal/operators/max.js":{"bytes":255,"imports":[{"path":"node_modules/rxjs/_esm2015/internal/operators/reduce.js","kind":"import-statement"}]},"node_modules/rxjs/_esm2015/internal/observable/merge.js":{"bytes":901,"imports":[{"path":"node_modules/rxjs/_esm2015/internal/Observable.js","kind":"import-statement"},{"path":"node_modules/rxjs/_esm2015/internal/util/isScheduler.js","kind":"import-statement"},{"path":"node_modules/rxjs/_esm2015/internal/operators/mergeAll.js","kind":"import-statement"},{"path":"node_modules/rxjs/_esm2015/internal/observable/fromArray.js","kind":"import-statement"}]},"node_modules/rxjs/_esm2015/internal/operators/merge.js":{"bytes":213,"imports":[{"path":"node_modules/rxjs/_esm2015/internal/observable/merge.js","kind":"import-statement"}]},"node_modules/rxjs/_esm2015/internal/operators/mergeMapTo.js":{"bytes":455,"imports":[{"path":"node_modules/rxjs/_esm2015/internal/operators/mergeMap.js","kind":"import-statement"}]},"node_modules/rxjs/_esm2015/internal/operators/mergeScan.js":{"bytes":2824,"imports":[{"path":"node_modules/rxjs/_esm2015/internal/innerSubscribe.js","kind":"import-statement"}]},"node_modules/rxjs/_esm2015/internal/operators/min.js":{"bytes":255,"imports":[{"path":"node_modules/rxjs/_esm2015/internal/operators/reduce.js","kind":"import-statement"}]},"node_modules/rxjs/_esm2015/internal/operators/refCount.js":{"bytes":1616,"imports":[{"path":"node_modules/rxjs/_esm2015/internal/Subscriber.js","kind":"import-statement"}]},"node_modules/rxjs/_esm2015/internal/observable/ConnectableObservable.js":{"bytes":4236,"imports":[{"path":"node_modules/rxjs/_esm2015/internal/Subject.js","kind":"import-statement"},{"path":"node_modules/rxjs/_esm2015/internal/Observable.js","kind":"import-statement"},{"path":"node_modules/rxjs/_esm2015/internal/Subscriber.js","kind":"import-statement"},{"path":"node_modules/rxjs/_esm2015/internal/Subscription.js","kind":"import-statement"},{"path":"node_modules/rxjs/_esm2015/internal/operators/refCount.js","kind":"import-statement"}]},"node_modules/rxjs/_esm2015/internal/operators/multicast.js":{"bytes":1325,"imports":[{"path":"node_modules/rxjs/_esm2015/internal/observable/ConnectableObservable.js","kind":"import-statement"}]},"node_modules/rxjs/_esm2015/internal/operators/observeOn.js":{"bytes":1669,"imports":[{"path":"node_modules/rxjs/_esm2015/internal/Subscriber.js","kind":"import-statement"},{"path":"node_modules/rxjs/_esm2015/internal/Notification.js","kind":"import-statement"}]},"node_modules/rxjs/_esm2015/internal/operators/onErrorResumeNext.js":{"bytes":2102,"imports":[{"path":"node_modules/rxjs/_esm2015/internal/observable/from.js","kind":"import-statement"},{"path":"node_modules/rxjs/_esm2015/internal/util/isArray.js","kind":"import-statement"},{"path":"node_modules/rxjs/_esm2015/internal/innerSubscribe.js","kind":"import-statement"}]},"node_modules/rxjs/_esm2015/internal/operators/pairwise.js":{"bytes":723,"imports":[{"path":"node_modules/rxjs/_esm2015/internal/Subscriber.js","kind":"import-statement"}]},"node_modules/rxjs/_esm2015/internal/util/not.js":{"bytes":243,"imports":[]},"node_modules/rxjs/_esm2015/internal/operators/partition.js":{"bytes":281,"imports":[{"path":"node_modules/rxjs/_esm2015/internal/util/not.js","kind":"import-statement"},{"path":"node_modules/rxjs/_esm2015/internal/operators/filter.js","kind":"import-statement"}]},"node_modules/rxjs/_esm2015/internal/operators/pluck.js":{"bytes":725,"imports":[{"path":"node_modules/rxjs/_esm2015/internal/operators/map.js","kind":"import-statement"}]},"node_modules/rxjs/_esm2015/internal/operators/publish.js":{"bytes":259,"imports":[{"path":"node_modules/rxjs/_esm2015/internal/Subject.js","kind":"import-statement"},{"path":"node_modules/rxjs/_esm2015/internal/operators/multicast.js","kind":"import-statement"}]},"node_modules/rxjs/_esm2015/internal/BehaviorSubject.js":{"bytes":876,"imports":[{"path":"node_modules/rxjs/_esm2015/internal/Subject.js","kind":"import-statement"},{"path":"node_modules/rxjs/_esm2015/internal/util/ObjectUnsubscribedError.js","kind":"import-statement"}]},"node_modules/rxjs/_esm2015/internal/operators/publishBehavior.js":{"bytes":251,"imports":[{"path":"node_modules/rxjs/_esm2015/internal/BehaviorSubject.js","kind":"import-statement"},{"path":"node_modules/rxjs/_esm2015/internal/operators/multicast.js","kind":"import-statement"}]},"node_modules/rxjs/_esm2015/internal/AsyncSubject.js":{"bytes":1093,"imports":[{"path":"node_modules/rxjs/_esm2015/internal/Subject.js","kind":"import-statement"},{"path":"node_modules/rxjs/_esm2015/internal/Subscription.js","kind":"import-statement"}]},"node_modules/rxjs/_esm2015/internal/operators/publishLast.js":{"bytes":224,"imports":[{"path":"node_modules/rxjs/_esm2015/internal/AsyncSubject.js","kind":"import-statement"},{"path":"node_modules/rxjs/_esm2015/internal/operators/multicast.js","kind":"import-statement"}]},"node_modules/rxjs/_esm2015/internal/scheduler/QueueAction.js":{"bytes":912,"imports":[{"path":"node_modules/rxjs/_esm2015/internal/scheduler/AsyncAction.js","kind":"import-statement"}]},"node_modules/rxjs/_esm2015/internal/scheduler/QueueScheduler.js":{"bytes":148,"imports":[{"path":"node_modules/rxjs/_esm2015/internal/scheduler/AsyncScheduler.js","kind":"import-statement"}]},"node_modules/rxjs/_esm2015/internal/scheduler/queue.js":{"bytes":229,"imports":[{"path":"node_modules/rxjs/_esm2015/internal/scheduler/QueueAction.js","kind":"import-statement"},{"path":"node_modules/rxjs/_esm2015/internal/scheduler/QueueScheduler.js","kind":"import-statement"}]},"node_modules/rxjs/_esm2015/internal/ReplaySubject.js":{"bytes":3660,"imports":[{"path":"node_modules/rxjs/_esm2015/internal/Subject.js","kind":"import-statement"},{"path":"node_modules/rxjs/_esm2015/internal/scheduler/queue.js","kind":"import-statement"},{"path":"node_modules/rxjs/_esm2015/internal/Subscription.js","kind":"import-statement"},{"path":"node_modules/rxjs/_esm2015/internal/operators/observeOn.js","kind":"import-statement"},{"path":"node_modules/rxjs/_esm2015/internal/util/ObjectUnsubscribedError.js","kind":"import-statement"},{"path":"node_modules/rxjs/_esm2015/internal/SubjectSubscription.js","kind":"import-statement"}]},"node_modules/rxjs/_esm2015/internal/operators/publishReplay.js":{"bytes":584,"imports":[{"path":"node_modules/rxjs/_esm2015/internal/ReplaySubject.js","kind":"import-statement"},{"path":"node_modules/rxjs/_esm2015/internal/operators/multicast.js","kind":"import-statement"}]},"node_modules/rxjs/_esm2015/internal/observable/race.js":{"bytes":2092,"imports":[{"path":"node_modules/rxjs/_esm2015/internal/util/isArray.js","kind":"import-statement"},{"path":"node_modules/rxjs/_esm2015/internal/observable/fromArray.js","kind":"import-statement"},{"path":"node_modules/rxjs/_esm2015/internal/OuterSubscriber.js","kind":"import-statement"},{"path":"node_modules/rxjs/_esm2015/internal/util/subscribeToResult.js","kind":"import-statement"}]},"node_modules/rxjs/_esm2015/internal/operators/race.js":{"bytes":419,"imports":[{"path":"node_modules/rxjs/_esm2015/internal/util/isArray.js","kind":"import-statement"},{"path":"node_modules/rxjs/_esm2015/internal/observable/race.js","kind":"import-statement"}]},"node_modules/rxjs/_esm2015/internal/operators/repeat.js":{"bytes":1238,"imports":[{"path":"node_modules/rxjs/_esm2015/internal/Subscriber.js","kind":"import-statement"},{"path":"node_modules/rxjs/_esm2015/internal/observable/empty.js","kind":"import-statement"}]},"node_modules/rxjs/_esm2015/internal/operators/repeatWhen.js":{"bytes":2443,"imports":[{"path":"node_modules/rxjs/_esm2015/internal/Subject.js","kind":"import-statement"},{"path":"node_modules/rxjs/_esm2015/internal/innerSubscribe.js","kind":"import-statement"}]},"node_modules/rxjs/_esm2015/internal/operators/retry.js":{"bytes":961,"imports":[{"path":"node_modules/rxjs/_esm2015/internal/Subscriber.js","kind":"import-statement"}]},"node_modules/rxjs/_esm2015/internal/operators/retryWhen.js":{"bytes":2281,"imports":[{"path":"node_modules/rxjs/_esm2015/internal/Subject.js","kind":"import-statement"},{"path":"node_modules/rxjs/_esm2015/internal/innerSubscribe.js","kind":"import-statement"}]},"node_modules/rxjs/_esm2015/internal/operators/sample.js":{"bytes":1105,"imports":[{"path":"node_modules/rxjs/_esm2015/internal/innerSubscribe.js","kind":"import-statement"}]},"node_modules/rxjs/_esm2015/internal/operators/sampleTime.js":{"bytes":1248,"imports":[{"path":"node_modules/rxjs/_esm2015/internal/Subscriber.js","kind":"import-statement"},{"path":"node_modules/rxjs/_esm2015/internal/scheduler/async.js","kind":"import-statement"}]},"node_modules/rxjs/_esm2015/internal/operators/sequenceEqual.js":{"bytes":2797,"imports":[{"path":"node_modules/rxjs/_esm2015/internal/Subscriber.js","kind":"import-statement"}]},"node_modules/rxjs/_esm2015/internal/operators/share.js":{"bytes":315,"imports":[{"path":"node_modules/rxjs/_esm2015/internal/operators/multicast.js","kind":"import-statement"},{"path":"node_modules/rxjs/_esm2015/internal/operators/refCount.js","kind":"import-statement"},{"path":"node_modules/rxjs/_esm2015/internal/Subject.js","kind":"import-statement"}]},"node_modules/rxjs/_esm2015/internal/operators/shareReplay.js":{"bytes":2049,"imports":[{"path":"node_modules/rxjs/_esm2015/internal/ReplaySubject.js","kind":"import-statement"}]},"node_modules/rxjs/_esm2015/internal/operators/single.js":{"bytes":1767,"imports":[{"path":"node_modules/rxjs/_esm2015/internal/Subscriber.js","kind":"import-statement"},{"path":"node_modules/rxjs/_esm2015/internal/util/EmptyError.js","kind":"import-statement"}]},"node_modules/rxjs/_esm2015/internal/operators/skip.js":{"bytes":643,"imports":[{"path":"node_modules/rxjs/_esm2015/internal/Subscriber.js","kind":"import-statement"}]},"node_modules/rxjs/_esm2015/internal/operators/skipLast.js":{"bytes":1380,"imports":[{"path":"node_modules/rxjs/_esm2015/internal/Subscriber.js","kind":"import-statement"},{"path":"node_modules/rxjs/_esm2015/internal/util/ArgumentOutOfRangeError.js","kind":"import-statement"}]},"node_modules/rxjs/_esm2015/internal/operators/skipUntil.js":{"bytes":1295,"imports":[{"path":"node_modules/rxjs/_esm2015/internal/innerSubscribe.js","kind":"import-statement"}]},"node_modules/rxjs/_esm2015/internal/operators/skipWhile.js":{"bytes":1100,"imports":[{"path":"node_modules/rxjs/_esm2015/internal/Subscriber.js","kind":"import-statement"}]},"node_modules/rxjs/_esm2015/internal/operators/startWith.js":{"bytes":411,"imports":[{"path":"node_modules/rxjs/_esm2015/internal/observable/concat.js","kind":"import-statement"},{"path":"node_modules/rxjs/_esm2015/internal/util/isScheduler.js","kind":"import-statement"}]},"node_modules/rxjs/_esm2015/internal/util/Immediate.js":{"bytes":684,"imports":[]},"node_modules/rxjs/_esm2015/internal/scheduler/AsapAction.js":{"bytes":1023,"imports":[{"path":"node_modules/rxjs/_esm2015/internal/util/Immediate.js","kind":"import-statement"},{"path":"node_modules/rxjs/_esm2015/internal/scheduler/AsyncAction.js","kind":"import-statement"}]},"node_modules/rxjs/_esm2015/internal/scheduler/AsapScheduler.js":{"bytes":783,"imports":[{"path":"node_modules/rxjs/_esm2015/internal/scheduler/AsyncScheduler.js","kind":"import-statement"}]},"node_modules/rxjs/_esm2015/internal/scheduler/asap.js":{"bytes":219,"imports":[{"path":"node_modules/rxjs/_esm2015/internal/scheduler/AsapAction.js","kind":"import-statement"},{"path":"node_modules/rxjs/_esm2015/internal/scheduler/AsapScheduler.js","kind":"import-statement"}]},"node_modules/rxjs/_esm2015/internal/observable/SubscribeOnObservable.js":{"bytes":1167,"imports":[{"path":"node_modules/rxjs/_esm2015/internal/Observable.js","kind":"import-statement"},{"path":"node_modules/rxjs/_esm2015/internal/scheduler/asap.js","kind":"import-statement"},{"path":"node_modules/rxjs/_esm2015/internal/util/isNumeric.js","kind":"import-statement"}]},"node_modules/rxjs/_esm2015/internal/operators/subscribeOn.js":{"bytes":579,"imports":[{"path":"node_modules/rxjs/_esm2015/internal/observable/SubscribeOnObservable.js","kind":"import-statement"}]},"node_modules/rxjs/_esm2015/internal/operators/switchMap.js":{"bytes":2219,"imports":[{"path":"node_modules/rxjs/_esm2015/internal/operators/map.js","kind":"import-statement"},{"path":"node_modules/rxjs/_esm2015/internal/observable/from.js","kind":"import-statement"},{"path":"node_modules/rxjs/_esm2015/internal/innerSubscribe.js","kind":"import-statement"}]},"node_modules/rxjs/_esm2015/internal/operators/switchAll.js":{"bytes":187,"imports":[{"path":"node_modules/rxjs/_esm2015/internal/operators/switchMap.js","kind":"import-statement"},{"path":"node_modules/rxjs/_esm2015/internal/util/identity.js","kind":"import-statement"}]},"node_modules/rxjs/_esm2015/internal/operators/switchMapTo.js":{"bytes":258,"imports":[{"path":"node_modules/rxjs/_esm2015/internal/operators/switchMap.js","kind":"import-statement"}]},"node_modules/rxjs/_esm2015/internal/operators/takeUntil.js":{"bytes":1066,"imports":[{"path":"node_modules/rxjs/_esm2015/internal/innerSubscribe.js","kind":"import-statement"}]},"node_modules/rxjs/_esm2015/internal/operators/takeWhile.js":{"bytes":1378,"imports":[{"path":"node_modules/rxjs/_esm2015/internal/Subscriber.js","kind":"import-statement"}]},"node_modules/rxjs/_esm2015/internal/util/noop.js":{"bytes":59,"imports":[]},"node_modules/rxjs/_esm2015/internal/operators/tap.js":{"bytes":2110,"imports":[{"path":"node_modules/rxjs/_esm2015/internal/Subscriber.js","kind":"import-statement"},{"path":"node_modules/rxjs/_esm2015/internal/util/noop.js","kind":"import-statement"},{"path":"node_modules/rxjs/_esm2015/internal/util/isFunction.js","kind":"import-statement"}]},"node_modules/rxjs/_esm2015/internal/operators/throttle.js":{"bytes":2454,"imports":[{"path":"node_modules/rxjs/_esm2015/internal/innerSubscribe.js","kind":"import-statement"}]},"node_modules/rxjs/_esm2015/internal/operators/throttleTime.js":{"bytes":2508,"imports":[{"path":"node_modules/rxjs/_esm2015/internal/Subscriber.js","kind":"import-statement"},{"path":"node_modules/rxjs/_esm2015/internal/scheduler/async.js","kind":"import-statement"},{"path":"node_modules/rxjs/_esm2015/internal/operators/throttle.js","kind":"import-statement"}]},"node_modules/rxjs/_esm2015/internal/observable/defer.js":{"bytes":516,"imports":[{"path":"node_modules/rxjs/_esm2015/internal/Observable.js","kind":"import-statement"},{"path":"node_modules/rxjs/_esm2015/internal/observable/from.js","kind":"import-statement"},{"path":"node_modules/rxjs/_esm2015/internal/observable/empty.js","kind":"import-statement"}]},"node_modules/rxjs/_esm2015/internal/operators/timeInterval.js":{"bytes":672,"imports":[{"path":"node_modules/rxjs/_esm2015/internal/scheduler/async.js","kind":"import-statement"},{"path":"node_modules/rxjs/_esm2015/internal/operators/scan.js","kind":"import-statement"},{"path":"node_modules/rxjs/_esm2015/internal/observable/defer.js","kind":"import-statement"},{"path":"node_modules/rxjs/_esm2015/internal/operators/map.js","kind":"import-statement"}]},"node_modules/rxjs/_esm2015/internal/util/TimeoutError.js":{"bytes":390,"imports":[]},"node_modules/rxjs/_esm2015/internal/operators/timeoutWith.js":{"bytes":2182,"imports":[{"path":"node_modules/rxjs/_esm2015/internal/scheduler/async.js","kind":"import-statement"},{"path":"node_modules/rxjs/_esm2015/internal/util/isDate.js","kind":"import-statement"},{"path":"node_modules/rxjs/_esm2015/internal/innerSubscribe.js","kind":"import-statement"}]},"node_modules/rxjs/_esm2015/internal/operators/timeout.js":{"bytes":356,"imports":[{"path":"node_modules/rxjs/_esm2015/internal/scheduler/async.js","kind":"import-statement"},{"path":"node_modules/rxjs/_esm2015/internal/util/TimeoutError.js","kind":"import-statement"},{"path":"node_modules/rxjs/_esm2015/internal/operators/timeoutWith.js","kind":"import-statement"},{"path":"node_modules/rxjs/_esm2015/internal/observable/throwError.js","kind":"import-statement"}]},"node_modules/rxjs/_esm2015/internal/operators/timestamp.js":{"bytes":358,"imports":[{"path":"node_modules/rxjs/_esm2015/internal/scheduler/async.js","kind":"import-statement"},{"path":"node_modules/rxjs/_esm2015/internal/operators/map.js","kind":"import-statement"}]},"node_modules/rxjs/_esm2015/internal/operators/toArray.js":{"bytes":273,"imports":[{"path":"node_modules/rxjs/_esm2015/internal/operators/reduce.js","kind":"import-statement"}]},"node_modules/rxjs/_esm2015/internal/operators/window.js":{"bytes":1775,"imports":[{"path":"node_modules/rxjs/_esm2015/internal/Subject.js","kind":"import-statement"},{"path":"node_modules/rxjs/_esm2015/internal/innerSubscribe.js","kind":"import-statement"}]},"node_modules/rxjs/_esm2015/internal/operators/windowCount.js":{"bytes":2364,"imports":[{"path":"node_modules/rxjs/_esm2015/internal/Subscriber.js","kind":"import-statement"},{"path":"node_modules/rxjs/_esm2015/internal/Subject.js","kind":"import-statement"}]},"node_modules/rxjs/_esm2015/internal/operators/windowTime.js":{"bytes":5220,"imports":[{"path":"node_modules/rxjs/_esm2015/internal/Subject.js","kind":"import-statement"},{"path":"node_modules/rxjs/_esm2015/internal/scheduler/async.js","kind":"import-statement"},{"path":"node_modules/rxjs/_esm2015/internal/Subscriber.js","kind":"import-statement"},{"path":"node_modules/rxjs/_esm2015/internal/util/isNumeric.js","kind":"import-statement"},{"path":"node_modules/rxjs/_esm2015/internal/util/isScheduler.js","kind":"import-statement"}]},"node_modules/rxjs/_esm2015/internal/operators/windowToggle.js":{"bytes":4092,"imports":[{"path":"node_modules/rxjs/_esm2015/internal/Subject.js","kind":"import-statement"},{"path":"node_modules/rxjs/_esm2015/internal/Subscription.js","kind":"import-statement"},{"path":"node_modules/rxjs/_esm2015/internal/OuterSubscriber.js","kind":"import-statement"},{"path":"node_modules/rxjs/_esm2015/internal/util/subscribeToResult.js","kind":"import-statement"}]},"node_modules/rxjs/_esm2015/internal/operators/windowWhen.js":{"bytes":2299,"imports":[{"path":"node_modules/rxjs/_esm2015/internal/Subject.js","kind":"import-statement"},{"path":"node_modules/rxjs/_esm2015/internal/OuterSubscriber.js","kind":"import-statement"},{"path":"node_modules/rxjs/_esm2015/internal/util/subscribeToResult.js","kind":"import-statement"}]},"node_modules/rxjs/_esm2015/internal/operators/withLatestFrom.js":{"bytes":2266,"imports":[{"path":"node_modules/rxjs/_esm2015/internal/OuterSubscriber.js","kind":"import-statement"},{"path":"node_modules/rxjs/_esm2015/internal/util/subscribeToResult.js","kind":"import-statement"}]},"node_modules/rxjs/_esm2015/internal/observable/zip.js":{"bytes":5835,"imports":[{"path":"node_modules/rxjs/_esm2015/internal/observable/fromArray.js","kind":"import-statement"},{"path":"node_modules/rxjs/_esm2015/internal/util/isArray.js","kind":"import-statement"},{"path":"node_modules/rxjs/_esm2015/internal/Subscriber.js","kind":"import-statement"},{"path":"node_modules/rxjs/_esm2015/internal/symbol/iterator.js","kind":"import-statement"},{"path":"node_modules/rxjs/_esm2015/internal/innerSubscribe.js","kind":"import-statement"}]},"node_modules/rxjs/_esm2015/internal/operators/zip.js":{"bytes":250,"imports":[{"path":"node_modules/rxjs/_esm2015/internal/observable/zip.js","kind":"import-statement"}]},"node_modules/rxjs/_esm2015/internal/operators/zipAll.js":{"bytes":181,"imports":[{"path":"node_modules/rxjs/_esm2015/internal/observable/zip.js","kind":"import-statement"}]},"node_modules/rxjs/_esm2015/operators/index.js":{"bytes":6249,"imports":[{"path":"node_modules/rxjs/_esm2015/internal/operators/audit.js","kind":"import-statement"},{"path":"node_modules/rxjs/_esm2015/internal/operators/auditTime.js","kind":"import-statement"},{"path":"node_modules/rxjs/_esm2015/internal/operators/buffer.js","kind":"import-statement"},{"path":"node_modules/rxjs/_esm2015/internal/operators/bufferCount.js","kind":"import-statement"},{"path":"node_modules/rxjs/_esm2015/internal/operators/bufferTime.js","kind":"import-statement"},{"path":"node_modules/rxjs/_esm2015/internal/operators/bufferToggle.js","kind":"import-statement"},{"path":"node_modules/rxjs/_esm2015/internal/operators/bufferWhen.js","kind":"import-statement"},{"path":"node_modules/rxjs/_esm2015/internal/operators/catchError.js","kind":"import-statement"},{"path":"node_modules/rxjs/_esm2015/internal/operators/combineAll.js","kind":"import-statement"},{"path":"node_modules/rxjs/_esm2015/internal/operators/combineLatest.js","kind":"import-statement"},{"path":"node_modules/rxjs/_esm2015/internal/operators/concat.js","kind":"import-statement"},{"path":"node_modules/rxjs/_esm2015/internal/operators/concatAll.js","kind":"import-statement"},{"path":"node_modules/rxjs/_esm2015/internal/operators/concatMap.js","kind":"import-statement"},{"path":"node_modules/rxjs/_esm2015/internal/operators/concatMapTo.js","kind":"import-statement"},{"path":"node_modules/rxjs/_esm2015/internal/operators/count.js","kind":"import-statement"},{"path":"node_modules/rxjs/_esm2015/internal/operators/debounce.js","kind":"import-statement"},{"path":"node_modules/rxjs/_esm2015/internal/operators/debounceTime.js","kind":"import-statement"},{"path":"node_modules/rxjs/_esm2015/internal/operators/defaultIfEmpty.js","kind":"import-statement"},{"path":"node_modules/rxjs/_esm2015/internal/operators/delay.js","kind":"import-statement"},{"path":"node_modules/rxjs/_esm2015/internal/operators/delayWhen.js","kind":"import-statement"},{"path":"node_modules/rxjs/_esm2015/internal/operators/dematerialize.js","kind":"import-statement"},{"path":"node_modules/rxjs/_esm2015/internal/operators/distinct.js","kind":"import-statement"},{"path":"node_modules/rxjs/_esm2015/internal/operators/distinctUntilChanged.js","kind":"import-statement"},{"path":"node_modules/rxjs/_esm2015/internal/operators/distinctUntilKeyChanged.js","kind":"import-statement"},{"path":"node_modules/rxjs/_esm2015/internal/operators/elementAt.js","kind":"import-statement"},{"path":"node_modules/rxjs/_esm2015/internal/operators/endWith.js","kind":"import-statement"},{"path":"node_modules/rxjs/_esm2015/internal/operators/every.js","kind":"import-statement"},{"path":"node_modules/rxjs/_esm2015/internal/operators/exhaust.js","kind":"import-statement"},{"path":"node_modules/rxjs/_esm2015/internal/operators/exhaustMap.js","kind":"import-statement"},{"path":"node_modules/rxjs/_esm2015/internal/operators/expand.js","kind":"import-statement"},{"path":"node_modules/rxjs/_esm2015/internal/operators/filter.js","kind":"import-statement"},{"path":"node_modules/rxjs/_esm2015/internal/operators/finalize.js","kind":"import-statement"},{"path":"node_modules/rxjs/_esm2015/internal/operators/find.js","kind":"import-statement"},{"path":"node_modules/rxjs/_esm2015/internal/operators/findIndex.js","kind":"import-statement"},{"path":"node_modules/rxjs/_esm2015/internal/operators/first.js","kind":"import-statement"},{"path":"node_modules/rxjs/_esm2015/internal/operators/groupBy.js","kind":"import-statement"},{"path":"node_modules/rxjs/_esm2015/internal/operators/ignoreElements.js","kind":"import-statement"},{"path":"node_modules/rxjs/_esm2015/internal/operators/isEmpty.js","kind":"import-statement"},{"path":"node_modules/rxjs/_esm2015/internal/operators/last.js","kind":"import-statement"},{"path":"node_modules/rxjs/_esm2015/internal/operators/map.js","kind":"import-statement"},{"path":"node_modules/rxjs/_esm2015/internal/operators/mapTo.js","kind":"import-statement"},{"path":"node_modules/rxjs/_esm2015/internal/operators/materialize.js","kind":"import-statement"},{"path":"node_modules/rxjs/_esm2015/internal/operators/max.js","kind":"import-statement"},{"path":"node_modules/rxjs/_esm2015/internal/operators/merge.js","kind":"import-statement"},{"path":"node_modules/rxjs/_esm2015/internal/operators/mergeAll.js","kind":"import-statement"},{"path":"node_modules/rxjs/_esm2015/internal/operators/mergeMap.js","kind":"import-statement"},{"path":"node_modules/rxjs/_esm2015/internal/operators/mergeMapTo.js","kind":"import-statement"},{"path":"node_modules/rxjs/_esm2015/internal/operators/mergeScan.js","kind":"import-statement"},{"path":"node_modules/rxjs/_esm2015/internal/operators/min.js","kind":"import-statement"},{"path":"node_modules/rxjs/_esm2015/internal/operators/multicast.js","kind":"import-statement"},{"path":"node_modules/rxjs/_esm2015/internal/operators/observeOn.js","kind":"import-statement"},{"path":"node_modules/rxjs/_esm2015/internal/operators/onErrorResumeNext.js","kind":"import-statement"},{"path":"node_modules/rxjs/_esm2015/internal/operators/pairwise.js","kind":"import-statement"},{"path":"node_modules/rxjs/_esm2015/internal/operators/partition.js","kind":"import-statement"},{"path":"node_modules/rxjs/_esm2015/internal/operators/pluck.js","kind":"import-statement"},{"path":"node_modules/rxjs/_esm2015/internal/operators/publish.js","kind":"import-statement"},{"path":"node_modules/rxjs/_esm2015/internal/operators/publishBehavior.js","kind":"import-statement"},{"path":"node_modules/rxjs/_esm2015/internal/operators/publishLast.js","kind":"import-statement"},{"path":"node_modules/rxjs/_esm2015/internal/operators/publishReplay.js","kind":"import-statement"},{"path":"node_modules/rxjs/_esm2015/internal/operators/race.js","kind":"import-statement"},{"path":"node_modules/rxjs/_esm2015/internal/operators/reduce.js","kind":"import-statement"},{"path":"node_modules/rxjs/_esm2015/internal/operators/repeat.js","kind":"import-statement"},{"path":"node_modules/rxjs/_esm2015/internal/operators/repeatWhen.js","kind":"import-statement"},{"path":"node_modules/rxjs/_esm2015/internal/operators/retry.js","kind":"import-statement"},{"path":"node_modules/rxjs/_esm2015/internal/operators/retryWhen.js","kind":"import-statement"},{"path":"node_modules/rxjs/_esm2015/internal/operators/refCount.js","kind":"import-statement"},{"path":"node_modules/rxjs/_esm2015/internal/operators/sample.js","kind":"import-statement"},{"path":"node_modules/rxjs/_esm2015/internal/operators/sampleTime.js","kind":"import-statement"},{"path":"node_modules/rxjs/_esm2015/internal/operators/scan.js","kind":"import-statement"},{"path":"node_modules/rxjs/_esm2015/internal/operators/sequenceEqual.js","kind":"import-statement"},{"path":"node_modules/rxjs/_esm2015/internal/operators/share.js","kind":"import-statement"},{"path":"node_modules/rxjs/_esm2015/internal/operators/shareReplay.js","kind":"import-statement"},{"path":"node_modules/rxjs/_esm2015/internal/operators/single.js","kind":"import-statement"},{"path":"node_modules/rxjs/_esm2015/internal/operators/skip.js","kind":"import-statement"},{"path":"node_modules/rxjs/_esm2015/internal/operators/skipLast.js","kind":"import-statement"},{"path":"node_modules/rxjs/_esm2015/internal/operators/skipUntil.js","kind":"import-statement"},{"path":"node_modules/rxjs/_esm2015/internal/operators/skipWhile.js","kind":"import-statement"},{"path":"node_modules/rxjs/_esm2015/internal/operators/startWith.js","kind":"import-statement"},{"path":"node_modules/rxjs/_esm2015/internal/operators/subscribeOn.js","kind":"import-statement"},{"path":"node_modules/rxjs/_esm2015/internal/operators/switchAll.js","kind":"import-statement"},{"path":"node_modules/rxjs/_esm2015/internal/operators/switchMap.js","kind":"import-statement"},{"path":"node_modules/rxjs/_esm2015/internal/operators/switchMapTo.js","kind":"import-statement"},{"path":"node_modules/rxjs/_esm2015/internal/operators/take.js","kind":"import-statement"},{"path":"node_modules/rxjs/_esm2015/internal/operators/takeLast.js","kind":"import-statement"},{"path":"node_modules/rxjs/_esm2015/internal/operators/takeUntil.js","kind":"import-statement"},{"path":"node_modules/rxjs/_esm2015/internal/operators/takeWhile.js","kind":"import-statement"},{"path":"node_modules/rxjs/_esm2015/internal/operators/tap.js","kind":"import-statement"},{"path":"node_modules/rxjs/_esm2015/internal/operators/throttle.js","kind":"import-statement"},{"path":"node_modules/rxjs/_esm2015/internal/operators/throttleTime.js","kind":"import-statement"},{"path":"node_modules/rxjs/_esm2015/internal/operators/throwIfEmpty.js","kind":"import-statement"},{"path":"node_modules/rxjs/_esm2015/internal/operators/timeInterval.js","kind":"import-statement"},{"path":"node_modules/rxjs/_esm2015/internal/operators/timeout.js","kind":"import-statement"},{"path":"node_modules/rxjs/_esm2015/internal/operators/timeoutWith.js","kind":"import-statement"},{"path":"node_modules/rxjs/_esm2015/internal/operators/timestamp.js","kind":"import-statement"},{"path":"node_modules/rxjs/_esm2015/internal/operators/toArray.js","kind":"import-statement"},{"path":"node_modules/rxjs/_esm2015/internal/operators/window.js","kind":"import-statement"},{"path":"node_modules/rxjs/_esm2015/internal/operators/windowCount.js","kind":"import-statement"},{"path":"node_modules/rxjs/_esm2015/internal/operators/windowTime.js","kind":"import-statement"},{"path":"node_modules/rxjs/_esm2015/internal/operators/windowToggle.js","kind":"import-statement"},{"path":"node_modules/rxjs/_esm2015/internal/operators/windowWhen.js","kind":"import-statement"},{"path":"node_modules/rxjs/_esm2015/internal/operators/withLatestFrom.js","kind":"import-statement"},{"path":"node_modules/rxjs/_esm2015/internal/operators/zip.js","kind":"import-statement"},{"path":"node_modules/rxjs/_esm2015/internal/operators/zipAll.js","kind":"import-statement"}]},"bazel-out/k8-fastbuild/bin/devtools/projects/ng-devtools-backend/src/lib/angular-check.mjs":{"bytes":5676,"imports":[]},"bazel-out/k8-fastbuild/bin/devtools/projects/protocol/src/lib/messages.mjs":{"bytes":8248,"imports":[]},"bazel-out/k8-fastbuild/bin/devtools/projects/protocol/src/lib/message-bus.mjs":{"bytes":1340,"imports":[]},"bazel-out/k8-fastbuild/bin/devtools/projects/protocol/src/lib/priority-aware-message-bus.mjs":{"bytes":9428,"imports":[{"path":"bazel-out/k8-fastbuild/bin/devtools/projects/protocol/src/lib/message-bus.mjs","kind":"import-statement"}]},"bazel-out/k8-fastbuild/bin/devtools/projects/protocol/src/public-api.mjs":{"bytes":1278,"imports":[{"path":"bazel-out/k8-fastbuild/bin/devtools/projects/protocol/src/lib/messages.mjs","kind":"import-statement"},{"path":"bazel-out/k8-fastbuild/bin/devtools/projects/protocol/src/lib/message-bus.mjs","kind":"import-statement"},{"path":"bazel-out/k8-fastbuild/bin/devtools/projects/protocol/src/lib/priority-aware-message-bus.mjs","kind":"import-statement"}]},"bazel-out/k8-fastbuild/bin/devtools/projects/protocol/index.mjs":{"bytes":878,"imports":[{"path":"bazel-out/k8-fastbuild/bin/devtools/projects/protocol/src/public-api.mjs","kind":"import-statement"}]},"node_modules/semver-dsl/node_modules/semver/semver.js":{"bytes":38803,"imports":[]},"node_modules/semver-dsl/index.js":{"bytes":2580,"imports":[{"path":"node_modules/semver-dsl/node_modules/semver/semver.js","kind":"require-call"}]},"bazel-out/k8-fastbuild/bin/devtools/projects/ng-devtools-backend/src/lib/highlighter.mjs":{"bytes":14128,"imports":[]},"bazel-out/k8-fastbuild/bin/devtools/projects/ng-devtools-backend/src/lib/utils.mjs":{"bytes":3423,"imports":[]},"bazel-out/k8-fastbuild/bin/devtools/projects/ng-devtools-backend/src/lib/version.mjs":{"bytes":2234,"imports":[]},"bazel-out/k8-fastbuild/bin/devtools/projects/ng-devtools-backend/src/lib/directive-forest/ltree.mjs":{"bytes":15187,"imports":[{"path":"node_modules/semver-dsl/index.js","kind":"import-statement"},{"path":"bazel-out/k8-fastbuild/bin/devtools/projects/ng-devtools-backend/src/lib/highlighter.mjs","kind":"import-statement"},{"path":"bazel-out/k8-fastbuild/bin/devtools/projects/ng-devtools-backend/src/lib/utils.mjs","kind":"import-statement"},{"path":"bazel-out/k8-fastbuild/bin/devtools/projects/ng-devtools-backend/src/lib/version.mjs","kind":"import-statement"}]},"bazel-out/k8-fastbuild/bin/devtools/projects/ng-devtools-backend/src/lib/directive-forest/render-tree.mjs":{"bytes":8860,"imports":[{"path":"bazel-out/k8-fastbuild/bin/devtools/projects/ng-devtools-backend/src/lib/utils.mjs","kind":"import-statement"}]},"bazel-out/k8-fastbuild/bin/devtools/projects/ng-devtools-backend/src/lib/directive-forest/index.mjs":{"bytes":3710,"imports":[{"path":"bazel-out/k8-fastbuild/bin/devtools/projects/ng-devtools-backend/src/lib/directive-forest/ltree.mjs","kind":"import-statement"},{"path":"bazel-out/k8-fastbuild/bin/devtools/projects/ng-devtools-backend/src/lib/directive-forest/render-tree.mjs","kind":"import-statement"},{"path":"bazel-out/k8-fastbuild/bin/devtools/projects/ng-devtools-backend/src/lib/directive-forest/ltree.mjs","kind":"import-statement"}]},"bazel-out/k8-fastbuild/bin/devtools/projects/ng-devtools-backend/src/lib/state-serializer/object-utils.mjs":{"bytes":2167,"imports":[]},"bazel-out/k8-fastbuild/bin/devtools/projects/ng-devtools-backend/src/lib/state-serializer/serialized-descriptor-factory.mjs":{"bytes":28859,"imports":[{"path":"bazel-out/k8-fastbuild/bin/devtools/projects/protocol/index.mjs","kind":"import-statement"},{"path":"bazel-out/k8-fastbuild/bin/devtools/projects/ng-devtools-backend/src/lib/state-serializer/object-utils.mjs","kind":"import-statement"}]},"bazel-out/k8-fastbuild/bin/devtools/projects/ng-devtools-backend/src/lib/state-serializer/state-serializer.mjs":{"bytes":15876,"imports":[{"path":"bazel-out/k8-fastbuild/bin/devtools/projects/protocol/index.mjs","kind":"import-statement"},{"path":"bazel-out/k8-fastbuild/bin/devtools/projects/ng-devtools-backend/src/lib/state-serializer/object-utils.mjs","kind":"import-statement"},{"path":"bazel-out/k8-fastbuild/bin/devtools/projects/ng-devtools-backend/src/lib/state-serializer/serialized-descriptor-factory.mjs","kind":"import-statement"}]},"bazel-out/k8-fastbuild/bin/devtools/projects/ng-devtools-backend/src/lib/component-tree.mjs":{"bytes":24703,"imports":[{"path":"bazel-out/k8-fastbuild/bin/devtools/projects/protocol/index.mjs","kind":"import-statement"},{"path":"bazel-out/k8-fastbuild/bin/devtools/projects/ng-devtools-backend/src/lib/directive-forest/index.mjs","kind":"import-statement"},{"path":"bazel-out/k8-fastbuild/bin/devtools/projects/ng-devtools-backend/src/lib/state-serializer/state-serializer.mjs","kind":"import-statement"}]},"bazel-out/k8-fastbuild/bin/devtools/projects/ng-devtools-backend/src/lib/hooks/identity-tracker.mjs":{"bytes":14278,"imports":[{"path":"bazel-out/k8-fastbuild/bin/devtools/projects/ng-devtools-backend/src/lib/component-tree.mjs","kind":"import-statement"}]},"node_modules/rxjs/_esm2015/internal/scheduler/AnimationFrameAction.js":{"bytes":981,"imports":[{"path":"node_modules/rxjs/_esm2015/internal/scheduler/AsyncAction.js","kind":"import-statement"}]},"node_modules/rxjs/_esm2015/internal/scheduler/AnimationFrameScheduler.js":{"bytes":803,"imports":[{"path":"node_modules/rxjs/_esm2015/internal/scheduler/AsyncScheduler.js","kind":"import-statement"}]},"node_modules/rxjs/_esm2015/internal/scheduler/animationFrame.js":{"bytes":319,"imports":[{"path":"node_modules/rxjs/_esm2015/internal/scheduler/AnimationFrameAction.js","kind":"import-statement"},{"path":"node_modules/rxjs/_esm2015/internal/scheduler/AnimationFrameScheduler.js","kind":"import-statement"}]},"node_modules/rxjs/_esm2015/internal/scheduler/VirtualTimeScheduler.js":{"bytes":2455,"imports":[{"path":"node_modules/rxjs/_esm2015/internal/scheduler/AsyncAction.js","kind":"import-statement"},{"path":"node_modules/rxjs/_esm2015/internal/scheduler/AsyncScheduler.js","kind":"import-statement"}]},"node_modules/rxjs/_esm2015/internal/util/isObservable.js":{"bytes":246,"imports":[{"path":"node_modules/rxjs/_esm2015/internal/Observable.js","kind":"import-statement"}]},"node_modules/rxjs/_esm2015/internal/observable/bindCallback.js":{"bytes":2884,"imports":[{"path":"node_modules/rxjs/_esm2015/internal/Observable.js","kind":"import-statement"},{"path":"node_modules/rxjs/_esm2015/internal/AsyncSubject.js","kind":"import-statement"},{"path":"node_modules/rxjs/_esm2015/internal/operators/map.js","kind":"import-statement"},{"path":"node_modules/rxjs/_esm2015/internal/util/canReportError.js","kind":"import-statement"},{"path":"node_modules/rxjs/_esm2015/internal/util/isArray.js","kind":"import-statement"},{"path":"node_modules/rxjs/_esm2015/internal/util/isScheduler.js","kind":"import-statement"}]},"node_modules/rxjs/_esm2015/internal/observable/bindNodeCallback.js":{"bytes":3324,"imports":[{"path":"node_modules/rxjs/_esm2015/internal/Observable.js","kind":"import-statement"},{"path":"node_modules/rxjs/_esm2015/internal/AsyncSubject.js","kind":"import-statement"},{"path":"node_modules/rxjs/_esm2015/internal/operators/map.js","kind":"import-statement"},{"path":"node_modules/rxjs/_esm2015/internal/util/canReportError.js","kind":"import-statement"},{"path":"node_modules/rxjs/_esm2015/internal/util/isScheduler.js","kind":"import-statement"},{"path":"node_modules/rxjs/_esm2015/internal/util/isArray.js","kind":"import-statement"}]},"node_modules/rxjs/_esm2015/internal/observable/forkJoin.js":{"bytes":2256,"imports":[{"path":"node_modules/rxjs/_esm2015/internal/Observable.js","kind":"import-statement"},{"path":"node_modules/rxjs/_esm2015/internal/util/isArray.js","kind":"import-statement"},{"path":"node_modules/rxjs/_esm2015/internal/operators/map.js","kind":"import-statement"},{"path":"node_modules/rxjs/_esm2015/internal/util/isObject.js","kind":"import-statement"},{"path":"node_modules/rxjs/_esm2015/internal/observable/from.js","kind":"import-statement"}]},"node_modules/rxjs/_esm2015/internal/observable/fromEvent.js":{"bytes":2506,"imports":[{"path":"node_modules/rxjs/_esm2015/internal/Observable.js","kind":"import-statement"},{"path":"node_modules/rxjs/_esm2015/internal/util/isArray.js","kind":"import-statement"},{"path":"node_modules/rxjs/_esm2015/internal/util/isFunction.js","kind":"import-statement"},{"path":"node_modules/rxjs/_esm2015/internal/operators/map.js","kind":"import-statement"}]},"node_modules/rxjs/_esm2015/internal/observable/fromEventPattern.js":{"bytes":926,"imports":[{"path":"node_modules/rxjs/_esm2015/internal/Observable.js","kind":"import-statement"},{"path":"node_modules/rxjs/_esm2015/internal/util/isArray.js","kind":"import-statement"},{"path":"node_modules/rxjs/_esm2015/internal/util/isFunction.js","kind":"import-statement"},{"path":"node_modules/rxjs/_esm2015/internal/operators/map.js","kind":"import-statement"}]},"node_modules/rxjs/_esm2015/internal/observable/generate.js":{"bytes":3470,"imports":[{"path":"node_modules/rxjs/_esm2015/internal/Observable.js","kind":"import-statement"},{"path":"node_modules/rxjs/_esm2015/internal/util/identity.js","kind":"import-statement"},{"path":"node_modules/rxjs/_esm2015/internal/util/isScheduler.js","kind":"import-statement"}]},"node_modules/rxjs/_esm2015/internal/observable/iif.js":{"bytes":237,"imports":[{"path":"node_modules/rxjs/_esm2015/internal/observable/defer.js","kind":"import-statement"},{"path":"node_modules/rxjs/_esm2015/internal/observable/empty.js","kind":"import-statement"}]},"node_modules/rxjs/_esm2015/internal/observable/interval.js":{"bytes":758,"imports":[{"path":"node_modules/rxjs/_esm2015/internal/Observable.js","kind":"import-statement"},{"path":"node_modules/rxjs/_esm2015/internal/scheduler/async.js","kind":"import-statement"},{"path":"node_modules/rxjs/_esm2015/internal/util/isNumeric.js","kind":"import-statement"}]},"node_modules/rxjs/_esm2015/internal/observable/never.js":{"bytes":203,"imports":[{"path":"node_modules/rxjs/_esm2015/internal/Observable.js","kind":"import-statement"},{"path":"node_modules/rxjs/_esm2015/internal/util/noop.js","kind":"import-statement"}]},"node_modules/rxjs/_esm2015/internal/observable/onErrorResumeNext.js":{"bytes":763,"imports":[{"path":"node_modules/rxjs/_esm2015/internal/Observable.js","kind":"import-statement"},{"path":"node_modules/rxjs/_esm2015/internal/observable/from.js","kind":"import-statement"},{"path":"node_modules/rxjs/_esm2015/internal/util/isArray.js","kind":"import-statement"},{"path":"node_modules/rxjs/_esm2015/internal/observable/empty.js","kind":"import-statement"}]},"node_modules/rxjs/_esm2015/internal/observable/pairs.js":{"bytes":1323,"imports":[{"path":"node_modules/rxjs/_esm2015/internal/Observable.js","kind":"import-statement"},{"path":"node_modules/rxjs/_esm2015/internal/Subscription.js","kind":"import-statement"}]},"node_modules/rxjs/_esm2015/internal/observable/partition.js":{"bytes":441,"imports":[{"path":"node_modules/rxjs/_esm2015/internal/util/not.js","kind":"import-statement"},{"path":"node_modules/rxjs/_esm2015/internal/util/subscribeTo.js","kind":"import-statement"},{"path":"node_modules/rxjs/_esm2015/internal/operators/filter.js","kind":"import-statement"},{"path":"node_modules/rxjs/_esm2015/internal/Observable.js","kind":"import-statement"}]},"node_modules/rxjs/_esm2015/internal/observable/range.js":{"bytes":1168,"imports":[{"path":"node_modules/rxjs/_esm2015/internal/Observable.js","kind":"import-statement"}]},"node_modules/rxjs/_esm2015/internal/observable/using.js":{"bytes":898,"imports":[{"path":"node_modules/rxjs/_esm2015/internal/Observable.js","kind":"import-statement"},{"path":"node_modules/rxjs/_esm2015/internal/observable/from.js","kind":"import-statement"},{"path":"node_modules/rxjs/_esm2015/internal/observable/empty.js","kind":"import-statement"}]},"node_modules/rxjs/_esm2015/index.js":{"bytes":3366,"imports":[{"path":"node_modules/rxjs/_esm2015/internal/Observable.js","kind":"import-statement"},{"path":"node_modules/rxjs/_esm2015/internal/observable/ConnectableObservable.js","kind":"import-statement"},{"path":"node_modules/rxjs/_esm2015/internal/operators/groupBy.js","kind":"import-statement"},{"path":"node_modules/rxjs/_esm2015/internal/symbol/observable.js","kind":"import-statement"},{"path":"node_modules/rxjs/_esm2015/internal/Subject.js","kind":"import-statement"},{"path":"node_modules/rxjs/_esm2015/internal/BehaviorSubject.js","kind":"import-statement"},{"path":"node_modules/rxjs/_esm2015/internal/ReplaySubject.js","kind":"import-statement"},{"path":"node_modules/rxjs/_esm2015/internal/AsyncSubject.js","kind":"import-statement"},{"path":"node_modules/rxjs/_esm2015/internal/scheduler/asap.js","kind":"import-statement"},{"path":"node_modules/rxjs/_esm2015/internal/scheduler/async.js","kind":"import-statement"},{"path":"node_modules/rxjs/_esm2015/internal/scheduler/queue.js","kind":"import-statement"},{"path":"node_modules/rxjs/_esm2015/internal/scheduler/animationFrame.js","kind":"import-statement"},{"path":"node_modules/rxjs/_esm2015/internal/scheduler/VirtualTimeScheduler.js","kind":"import-statement"},{"path":"node_modules/rxjs/_esm2015/internal/Scheduler.js","kind":"import-statement"},{"path":"node_modules/rxjs/_esm2015/internal/Subscription.js","kind":"import-statement"},{"path":"node_modules/rxjs/_esm2015/internal/Subscriber.js","kind":"import-statement"},{"path":"node_modules/rxjs/_esm2015/internal/Notification.js","kind":"import-statement"},{"path":"node_modules/rxjs/_esm2015/internal/util/pipe.js","kind":"import-statement"},{"path":"node_modules/rxjs/_esm2015/internal/util/noop.js","kind":"import-statement"},{"path":"node_modules/rxjs/_esm2015/internal/util/identity.js","kind":"import-statement"},{"path":"node_modules/rxjs/_esm2015/internal/util/isObservable.js","kind":"import-statement"},{"path":"node_modules/rxjs/_esm2015/internal/util/ArgumentOutOfRangeError.js","kind":"import-statement"},{"path":"node_modules/rxjs/_esm2015/internal/util/EmptyError.js","kind":"import-statement"},{"path":"node_modules/rxjs/_esm2015/internal/util/ObjectUnsubscribedError.js","kind":"import-statement"},{"path":"node_modules/rxjs/_esm2015/internal/util/UnsubscriptionError.js","kind":"import-statement"},{"path":"node_modules/rxjs/_esm2015/internal/util/TimeoutError.js","kind":"import-statement"},{"path":"node_modules/rxjs/_esm2015/internal/observable/bindCallback.js","kind":"import-statement"},{"path":"node_modules/rxjs/_esm2015/internal/observable/bindNodeCallback.js","kind":"import-statement"},{"path":"node_modules/rxjs/_esm2015/internal/observable/combineLatest.js","kind":"import-statement"},{"path":"node_modules/rxjs/_esm2015/internal/observable/concat.js","kind":"import-statement"},{"path":"node_modules/rxjs/_esm2015/internal/observable/defer.js","kind":"import-statement"},{"path":"node_modules/rxjs/_esm2015/internal/observable/empty.js","kind":"import-statement"},{"path":"node_modules/rxjs/_esm2015/internal/observable/forkJoin.js","kind":"import-statement"},{"path":"node_modules/rxjs/_esm2015/internal/observable/from.js","kind":"import-statement"},{"path":"node_modules/rxjs/_esm2015/internal/observable/fromEvent.js","kind":"import-statement"},{"path":"node_modules/rxjs/_esm2015/internal/observable/fromEventPattern.js","kind":"import-statement"},{"path":"node_modules/rxjs/_esm2015/internal/observable/generate.js","kind":"import-statement"},{"path":"node_modules/rxjs/_esm2015/internal/observable/iif.js","kind":"import-statement"},{"path":"node_modules/rxjs/_esm2015/internal/observable/interval.js","kind":"import-statement"},{"path":"node_modules/rxjs/_esm2015/internal/observable/merge.js","kind":"import-statement"},{"path":"node_modules/rxjs/_esm2015/internal/observable/never.js","kind":"import-statement"},{"path":"node_modules/rxjs/_esm2015/internal/observable/of.js","kind":"import-statement"},{"path":"node_modules/rxjs/_esm2015/internal/observable/onErrorResumeNext.js","kind":"import-statement"},{"path":"node_modules/rxjs/_esm2015/internal/observable/pairs.js","kind":"import-statement"},{"path":"node_modules/rxjs/_esm2015/internal/observable/partition.js","kind":"import-statement"},{"path":"node_modules/rxjs/_esm2015/internal/observable/race.js","kind":"import-statement"},{"path":"node_modules/rxjs/_esm2015/internal/observable/range.js","kind":"import-statement"},{"path":"node_modules/rxjs/_esm2015/internal/observable/throwError.js","kind":"import-statement"},{"path":"node_modules/rxjs/_esm2015/internal/observable/timer.js","kind":"import-statement"},{"path":"node_modules/rxjs/_esm2015/internal/observable/using.js","kind":"import-statement"},{"path":"node_modules/rxjs/_esm2015/internal/observable/zip.js","kind":"import-statement"},{"path":"node_modules/rxjs/_esm2015/internal/scheduled/scheduled.js","kind":"import-statement"},{"path":"node_modules/rxjs/_esm2015/internal/observable/empty.js","kind":"import-statement"},{"path":"node_modules/rxjs/_esm2015/internal/observable/never.js","kind":"import-statement"},{"path":"node_modules/rxjs/_esm2015/internal/config.js","kind":"import-statement"}]},"bazel-out/k8-fastbuild/bin/devtools/projects/ng-devtools-backend/src/lib/hooks/profiler/shared.mjs":{"bytes":16044,"imports":[{"path":"node_modules/rxjs/_esm2015/index.js","kind":"import-statement"}]},"bazel-out/k8-fastbuild/bin/devtools/projects/ng-devtools-backend/src/lib/hooks/profiler/native.mjs":{"bytes":21203,"imports":[{"path":"bazel-out/k8-fastbuild/bin/devtools/projects/ng-devtools-backend/src/lib/directive-forest/index.mjs","kind":"import-statement"},{"path":"bazel-out/k8-fastbuild/bin/devtools/projects/ng-devtools-backend/src/lib/utils.mjs","kind":"import-statement"},{"path":"bazel-out/k8-fastbuild/bin/devtools/projects/ng-devtools-backend/src/lib/hooks/identity-tracker.mjs","kind":"import-statement"},{"path":"bazel-out/k8-fastbuild/bin/devtools/projects/ng-devtools-backend/src/lib/hooks/profiler/shared.mjs","kind":"import-statement"}]},"bazel-out/k8-fastbuild/bin/devtools/projects/ng-devtools-backend/src/lib/hooks/profiler/polyfill.mjs":{"bytes":19654,"imports":[{"path":"bazel-out/k8-fastbuild/bin/devtools/projects/ng-devtools-backend/src/lib/directive-forest/index.mjs","kind":"import-statement"},{"path":"bazel-out/k8-fastbuild/bin/devtools/projects/ng-devtools-backend/src/lib/utils.mjs","kind":"import-statement"},{"path":"bazel-out/k8-fastbuild/bin/devtools/projects/ng-devtools-backend/src/lib/hooks/identity-tracker.mjs","kind":"import-statement"},{"path":"bazel-out/k8-fastbuild/bin/devtools/projects/ng-devtools-backend/src/lib/hooks/profiler/shared.mjs","kind":"import-statement"}]},"bazel-out/k8-fastbuild/bin/devtools/projects/ng-devtools-backend/src/lib/hooks/profiler/index.mjs":{"bytes":2498,"imports":[{"path":"bazel-out/k8-fastbuild/bin/devtools/projects/ng-devtools-backend/src/lib/hooks/profiler/native.mjs","kind":"import-statement"},{"path":"bazel-out/k8-fastbuild/bin/devtools/projects/ng-devtools-backend/src/lib/hooks/profiler/polyfill.mjs","kind":"import-statement"},{"path":"bazel-out/k8-fastbuild/bin/devtools/projects/ng-devtools-backend/src/lib/hooks/profiler/shared.mjs","kind":"import-statement"}]},"bazel-out/k8-fastbuild/bin/devtools/projects/ng-devtools-backend/src/lib/hooks/hooks.mjs":{"bytes":5916,"imports":[{"path":"bazel-out/k8-fastbuild/bin/devtools/projects/ng-devtools-backend/src/lib/hooks/identity-tracker.mjs","kind":"import-statement"},{"path":"bazel-out/k8-fastbuild/bin/devtools/projects/ng-devtools-backend/src/lib/hooks/profiler/index.mjs","kind":"import-statement"}]},"bazel-out/k8-fastbuild/bin/devtools/projects/ng-devtools-backend/src/lib/hooks/index.mjs":{"bytes":10222,"imports":[{"path":"bazel-out/k8-fastbuild/bin/devtools/projects/ng-devtools-backend/src/lib/highlighter.mjs","kind":"import-statement"},{"path":"bazel-out/k8-fastbuild/bin/devtools/projects/ng-devtools-backend/src/lib/hooks/hooks.mjs","kind":"import-statement"}]},"bazel-out/k8-fastbuild/bin/devtools/projects/ng-devtools-backend/src/lib/component-inspector/component-inspector.mjs":{"bytes":11108,"imports":[{"path":"bazel-out/k8-fastbuild/bin/devtools/projects/ng-devtools-backend/src/lib/component-tree.mjs","kind":"import-statement"},{"path":"bazel-out/k8-fastbuild/bin/devtools/projects/ng-devtools-backend/src/lib/highlighter.mjs","kind":"import-statement"},{"path":"bazel-out/k8-fastbuild/bin/devtools/projects/ng-devtools-backend/src/lib/hooks/index.mjs","kind":"import-statement"}]},"bazel-out/k8-fastbuild/bin/devtools/projects/ng-devtools-backend/src/lib/hooks/capture.mjs":{"bytes":39612,"imports":[{"path":"bazel-out/k8-fastbuild/bin/devtools/projects/ng-devtools-backend/src/lib/highlighter.mjs","kind":"import-statement"},{"path":"bazel-out/k8-fastbuild/bin/devtools/projects/ng-devtools-backend/src/lib/utils.mjs","kind":"import-statement"},{"path":"bazel-out/k8-fastbuild/bin/devtools/projects/ng-devtools-backend/src/lib/hooks/index.mjs","kind":"import-statement"}]},"bazel-out/k8-fastbuild/bin/devtools/projects/shared-utils/src/lib/shared-utils.mjs":{"bytes":2741,"imports":[]},"bazel-out/k8-fastbuild/bin/devtools/projects/shared-utils/src/public-api.mjs":{"bytes":1037,"imports":[{"path":"bazel-out/k8-fastbuild/bin/devtools/projects/shared-utils/src/lib/shared-utils.mjs","kind":"import-statement"}]},"bazel-out/k8-fastbuild/bin/devtools/projects/shared-utils/index.mjs":{"bytes":886,"imports":[{"path":"bazel-out/k8-fastbuild/bin/devtools/projects/shared-utils/src/public-api.mjs","kind":"import-statement"}]},"bazel-out/k8-fastbuild/bin/devtools/projects/ng-devtools-backend/src/lib/set-console-reference.mjs":{"bytes":6997,"imports":[{"path":"bazel-out/k8-fastbuild/bin/devtools/projects/shared-utils/index.mjs","kind":"import-statement"}]},"bazel-out/k8-fastbuild/bin/devtools/projects/ng-devtools-backend/src/lib/client-event-subscribers.mjs":{"bytes":26462,"imports":[{"path":"node_modules/rxjs/_esm2015/operators/index.js","kind":"import-statement"},{"path":"bazel-out/k8-fastbuild/bin/devtools/projects/ng-devtools-backend/src/lib/angular-check.mjs","kind":"import-statement"},{"path":"bazel-out/k8-fastbuild/bin/devtools/projects/ng-devtools-backend/src/lib/component-inspector/component-inspector.mjs","kind":"import-statement"},{"path":"bazel-out/k8-fastbuild/bin/devtools/projects/ng-devtools-backend/src/lib/component-tree.mjs","kind":"import-statement"},{"path":"bazel-out/k8-fastbuild/bin/devtools/projects/ng-devtools-backend/src/lib/highlighter.mjs","kind":"import-statement"},{"path":"bazel-out/k8-fastbuild/bin/devtools/projects/ng-devtools-backend/src/lib/hooks/index.mjs","kind":"import-statement"},{"path":"bazel-out/k8-fastbuild/bin/devtools/projects/ng-devtools-backend/src/lib/hooks/capture.mjs","kind":"import-statement"},{"path":"bazel-out/k8-fastbuild/bin/devtools/projects/ng-devtools-backend/src/lib/set-console-reference.mjs","kind":"import-statement"},{"path":"bazel-out/k8-fastbuild/bin/devtools/projects/ng-devtools-backend/src/lib/state-serializer/state-serializer.mjs","kind":"import-statement"},{"path":"bazel-out/k8-fastbuild/bin/devtools/projects/ng-devtools-backend/src/lib/utils.mjs","kind":"import-statement"}]},"bazel-out/k8-fastbuild/bin/devtools/projects/ng-devtools-backend/src/lib/index.mjs":{"bytes":1484,"imports":[{"path":"bazel-out/k8-fastbuild/bin/devtools/projects/ng-devtools-backend/src/lib/client-event-subscribers.mjs","kind":"import-statement"}]},"bazel-out/k8-fastbuild/bin/devtools/projects/ng-devtools-backend/src/public-api.mjs":{"bytes":1254,"imports":[{"path":"bazel-out/k8-fastbuild/bin/devtools/projects/ng-devtools-backend/src/lib/index.mjs","kind":"import-statement"},{"path":"bazel-out/k8-fastbuild/bin/devtools/projects/ng-devtools-backend/src/lib/component-tree.mjs","kind":"import-statement"}]},"bazel-out/k8-fastbuild/bin/devtools/projects/ng-devtools-backend/index.mjs":{"bytes":894,"imports":[{"path":"bazel-out/k8-fastbuild/bin/devtools/projects/ng-devtools-backend/src/public-api.mjs","kind":"import-statement"}]},"bazel-out/k8-fastbuild/bin/devtools/projects/shell-chrome/src/app/chrome-window-extensions.mjs":{"bytes":9290,"imports":[{"path":"bazel-out/k8-fastbuild/bin/devtools/projects/ng-devtools-backend/index.mjs","kind":"import-statement"},{"path":"bazel-out/k8-fastbuild/bin/devtools/projects/ng-devtools-backend/src/lib/component-tree.mjs","kind":"import-statement"}]},"bazel-out/k8-fastbuild/bin/devtools/projects/shell-chrome/src/app/same-page-message-bus.mjs":{"bytes":9109,"imports":[{"path":"bazel-out/k8-fastbuild/bin/devtools/projects/protocol/index.mjs","kind":"import-statement"}]},"bazel-out/k8-fastbuild/bin/devtools/projects/shell-chrome/src/app/backend.mjs":{"bytes":4554,"imports":[{"path":"bazel-out/k8-fastbuild/bin/devtools/projects/ng-devtools-backend/index.mjs","kind":"import-statement"},{"path":"bazel-out/k8-fastbuild/bin/devtools/projects/ng-devtools-backend/src/lib/highlighter.mjs","kind":"import-statement"},{"path":"bazel-out/k8-fastbuild/bin/devtools/projects/shell-chrome/src/app/chrome-window-extensions.mjs","kind":"import-statement"},{"path":"bazel-out/k8-fastbuild/bin/devtools/projects/shell-chrome/src/app/same-page-message-bus.mjs","kind":"import-statement"}]}},"outputs":{"bazel-out/k8-fastbuild/bin/devtools/projects/shell-chrome/src/app/backend_bundle.js.map":{"imports":[],"exports":[],"inputs":{},"bytes":224186},"bazel-out/k8-fastbuild/bin/devtools/projects/shell-chrome/src/app/backend_bundle.js":{"imports":[],"exports":[],"entryPoint":"bazel-out/k8-fastbuild/bin/devtools/projects/shell-chrome/src/app/backend.mjs","inputs":{"node_modules/semver-dsl/node_modules/semver/semver.js":{"bytesInOutput":37180},"node_modules/semver-dsl/index.js":{"bytesInOutput":2948},"node_modules/rxjs/_esm2015/internal/util/isFunction.js":{"bytesInOutput":67},"node_modules/rxjs/_esm2015/internal/config.js":{"bytesInOutput":705},"node_modules/rxjs/_esm2015/internal/util/hostReportError.js":{"bytesInOutput":89},"node_modules/rxjs/_esm2015/internal/Observer.js":{"bytesInOutput":241},"node_modules/rxjs/_esm2015/internal/util/isArray.js":{"bytesInOutput":87},"node_modules/rxjs/_esm2015/internal/util/isObject.js":{"bytesInOutput":77},"node_modules/rxjs/_esm2015/internal/util/UnsubscriptionError.js":{"bytesInOutput":542},"node_modules/rxjs/_esm2015/internal/Subscription.js":{"bytesInOutput":3971},"node_modules/rxjs/_esm2015/internal/symbol/rxSubscriber.js":{"bytesInOutput":122},"node_modules/rxjs/_esm2015/internal/Subscriber.js":{"bytesInOutput":6121},"node_modules/rxjs/_esm2015/internal/util/canReportError.js":{"bytesInOutput":351},"node_modules/rxjs/_esm2015/internal/util/toSubscriber.js":{"bytesInOutput":433},"node_modules/rxjs/_esm2015/internal/symbol/observable.js":{"bytesInOutput":98},"node_modules/rxjs/_esm2015/internal/util/identity.js":{"bytesInOutput":43},"node_modules/rxjs/_esm2015/internal/util/pipe.js":{"bytesInOutput":246},"node_modules/rxjs/_esm2015/internal/Observable.js":{"bytesInOutput":2700},"node_modules/rxjs/_esm2015/internal/scheduler/Action.js":{"bytesInOutput":163},"node_modules/rxjs/_esm2015/internal/scheduler/AsyncAction.js":{"bytesInOutput":2124},"node_modules/rxjs/_esm2015/internal/Scheduler.js":{"bytesInOutput":316},"node_modules/rxjs/_esm2015/internal/scheduler/AsyncScheduler.js":{"bytesInOutput":1167},"node_modules/rxjs/_esm2015/internal/scheduler/async.js":{"bytesInOutput":86},"node_modules/rxjs/_esm2015/internal/operators/debounceTime.js":{"bytesInOutput":1620},"node_modules/rxjs/_esm2015/operators/index.js":{"bytesInOutput":0},"node_modules/rxjs/_esm2015/internal/util/ObjectUnsubscribedError.js":{"bytesInOutput":416},"node_modules/rxjs/_esm2015/internal/SubjectSubscription.js":{"bytesInOutput":691},"node_modules/rxjs/_esm2015/internal/Subject.js":{"bytesInOutput":3473},"bazel-out/k8-fastbuild/bin/devtools/projects/ng-devtools-backend/src/lib/angular-check.mjs":{"bytesInOutput":897},"bazel-out/k8-fastbuild/bin/devtools/projects/protocol/src/lib/messages.mjs":{"bytesInOutput":1008},"bazel-out/k8-fastbuild/bin/devtools/projects/protocol/src/public-api.mjs":{"bytesInOutput":0},"bazel-out/k8-fastbuild/bin/devtools/projects/protocol/src/lib/message-bus.mjs":{"bytesInOutput":32},"bazel-out/k8-fastbuild/bin/devtools/projects/protocol/src/lib/priority-aware-message-bus.mjs":{"bytesInOutput":0},"bazel-out/k8-fastbuild/bin/devtools/projects/protocol/index.mjs":{"bytesInOutput":0},"bazel-out/k8-fastbuild/bin/devtools/projects/ng-devtools-backend/src/lib/directive-forest/ltree.mjs":{"bytesInOutput":3379},"bazel-out/k8-fastbuild/bin/devtools/projects/ng-devtools-backend/src/lib/highlighter.mjs":{"bytesInOutput":3156},"bazel-out/k8-fastbuild/bin/devtools/projects/ng-devtools-backend/src/lib/utils.mjs":{"bytesInOutput":625},"bazel-out/k8-fastbuild/bin/devtools/projects/ng-devtools-backend/src/lib/version.mjs":{"bytesInOutput":381},"bazel-out/k8-fastbuild/bin/devtools/projects/ng-devtools-backend/src/lib/directive-forest/render-tree.mjs":{"bytesInOutput":1821},"bazel-out/k8-fastbuild/bin/devtools/projects/ng-devtools-backend/src/lib/directive-forest/index.mjs":{"bytesInOutput":500},"bazel-out/k8-fastbuild/bin/devtools/projects/ng-devtools-backend/src/lib/state-serializer/object-utils.mjs":{"bytesInOutput":115},"bazel-out/k8-fastbuild/bin/devtools/projects/ng-devtools-backend/src/lib/state-serializer/serialized-descriptor-factory.mjs":{"bytesInOutput":6473},"bazel-out/k8-fastbuild/bin/devtools/projects/ng-devtools-backend/src/lib/state-serializer/state-serializer.mjs":{"bytesInOutput":3501},"bazel-out/k8-fastbuild/bin/devtools/projects/ng-devtools-backend/src/lib/component-tree.mjs":{"bytesInOutput":4793},"bazel-out/k8-fastbuild/bin/devtools/projects/ng-devtools-backend/src/lib/hooks/identity-tracker.mjs":{"bytesInOutput":2823},"node_modules/rxjs/_esm2015/index.js":{"bytesInOutput":0},"bazel-out/k8-fastbuild/bin/devtools/projects/ng-devtools-backend/src/lib/hooks/profiler/shared.mjs":{"bytesInOutput":2776},"bazel-out/k8-fastbuild/bin/devtools/projects/ng-devtools-backend/src/lib/hooks/profiler/native.mjs":{"bytesInOutput":4646},"bazel-out/k8-fastbuild/bin/devtools/projects/ng-devtools-backend/src/lib/hooks/profiler/polyfill.mjs":{"bytesInOutput":4366},"bazel-out/k8-fastbuild/bin/devtools/projects/ng-devtools-backend/src/lib/hooks/profiler/index.mjs":{"bytesInOutput":199},"bazel-out/k8-fastbuild/bin/devtools/projects/ng-devtools-backend/src/lib/hooks/hooks.mjs":{"bytesInOutput":1092},"bazel-out/k8-fastbuild/bin/devtools/projects/ng-devtools-backend/src/lib/hooks/index.mjs":{"bytesInOutput":2347},"bazel-out/k8-fastbuild/bin/devtools/projects/ng-devtools-backend/src/lib/component-inspector/component-inspector.mjs":{"bytesInOutput":2380},"bazel-out/k8-fastbuild/bin/devtools/projects/ng-devtools-backend/src/lib/hooks/capture.mjs":{"bytesInOutput":9482},"bazel-out/k8-fastbuild/bin/devtools/projects/shared-utils/src/lib/shared-utils.mjs":{"bytesInOutput":353},"bazel-out/k8-fastbuild/bin/devtools/projects/shared-utils/src/public-api.mjs":{"bytesInOutput":0},"bazel-out/k8-fastbuild/bin/devtools/projects/shared-utils/index.mjs":{"bytesInOutput":0},"bazel-out/k8-fastbuild/bin/devtools/projects/ng-devtools-backend/src/lib/set-console-reference.mjs":{"bytesInOutput":1523},"bazel-out/k8-fastbuild/bin/devtools/projects/ng-devtools-backend/src/lib/client-event-subscribers.mjs":{"bytesInOutput":5265},"bazel-out/k8-fastbuild/bin/devtools/projects/ng-devtools-backend/src/lib/index.mjs":{"bytesInOutput":95},"bazel-out/k8-fastbuild/bin/devtools/projects/ng-devtools-backend/src/public-api.mjs":{"bytesInOutput":0},"bazel-out/k8-fastbuild/bin/devtools/projects/ng-devtools-backend/index.mjs":{"bytesInOutput":0},"bazel-out/k8-fastbuild/bin/devtools/projects/shell-chrome/src/app/chrome-window-extensions.mjs":{"bytesInOutput":2157},"bazel-out/k8-fastbuild/bin/devtools/projects/shell-chrome/src/app/same-page-message-bus.mjs":{"bytesInOutput":1903},"bazel-out/k8-fastbuild/bin/devtools/projects/shell-chrome/src/app/backend.mjs":{"bytesInOutput":650}},"bytes":141015}}}