{"inputs":{"bazel-out/k8-fastbuild/bin/devtools/projects/shell-chrome/src/app/background.mjs":{"bytes":17252,"imports":[]}},"outputs":{"bazel-out/k8-fastbuild/bin/devtools/projects/shell-chrome/src/app/background_bundle.js.map":{"imports":[],"exports":[],"inputs":{},"bytes":7071},"bazel-out/k8-fastbuild/bin/devtools/projects/shell-chrome/src/app/background_bundle.js":{"imports":[],"exports":[],"entryPoint":"bazel-out/k8-fastbuild/bin/devtools/projects/shell-chrome/src/app/background.mjs","inputs":{"bazel-out/k8-fastbuild/bin/devtools/projects/shell-chrome/src/app/background.mjs":{"bytesInOutput":3668}},"bytes":4017}}}