{"inputs":{"bazel-out/k8-fastbuild/bin/devtools/projects/protocol/src/lib/messages.mjs":{"bytes":8248,"imports":[]},"bazel-out/k8-fastbuild/bin/devtools/projects/protocol/src/lib/message-bus.mjs":{"bytes":1340,"imports":[]},"bazel-out/k8-fastbuild/bin/devtools/projects/protocol/src/lib/priority-aware-message-bus.mjs":{"bytes":9428,"imports":[{"path":"bazel-out/k8-fastbuild/bin/devtools/projects/protocol/src/lib/message-bus.mjs","kind":"import-statement"}]},"bazel-out/k8-fastbuild/bin/devtools/projects/protocol/src/public-api.mjs":{"bytes":1278,"imports":[{"path":"bazel-out/k8-fastbuild/bin/devtools/projects/protocol/src/lib/messages.mjs","kind":"import-statement"},{"path":"bazel-out/k8-fastbuild/bin/devtools/projects/protocol/src/lib/message-bus.mjs","kind":"import-statement"},{"path":"bazel-out/k8-fastbuild/bin/devtools/projects/protocol/src/lib/priority-aware-message-bus.mjs","kind":"import-statement"}]},"bazel-out/k8-fastbuild/bin/devtools/projects/protocol/index.mjs":{"bytes":878,"imports":[{"path":"bazel-out/k8-fastbuild/bin/devtools/projects/protocol/src/public-api.mjs","kind":"import-statement"}]},"bazel-out/k8-fastbuild/bin/devtools/projects/shell-chrome/src/app/chrome-message-bus.mjs":{"bytes":8271,"imports":[{"path":"bazel-out/k8-fastbuild/bin/devtools/projects/protocol/index.mjs","kind":"import-statement"}]},"bazel-out/k8-fastbuild/bin/devtools/projects/shell-chrome/src/app/same-page-message-bus.mjs":{"bytes":9109,"imports":[{"path":"bazel-out/k8-fastbuild/bin/devtools/projects/protocol/index.mjs","kind":"import-statement"}]},"bazel-out/k8-fastbuild/bin/devtools/projects/shell-chrome/src/app/content-script.mjs":{"bytes":6483,"imports":[{"path":"bazel-out/k8-fastbuild/bin/devtools/projects/shell-chrome/src/app/chrome-message-bus.mjs","kind":"import-statement"},{"path":"bazel-out/k8-fastbuild/bin/devtools/projects/shell-chrome/src/app/same-page-message-bus.mjs","kind":"import-statement"}]}},"outputs":{"bazel-out/k8-fastbuild/bin/devtools/projects/shell-chrome/src/app/content_script_bundle.js.map":{"imports":[],"exports":[],"inputs":{},"bytes":19510},"bazel-out/k8-fastbuild/bin/devtools/projects/shell-chrome/src/app/content_script_bundle.js":{"imports":[],"exports":[],"entryPoint":"bazel-out/k8-fastbuild/bin/devtools/projects/shell-chrome/src/app/content-script.mjs","inputs":{"bazel-out/k8-fastbuild/bin/devtools/projects/protocol/src/lib/messages.mjs":{"bytesInOutput":1008},"bazel-out/k8-fastbuild/bin/devtools/projects/protocol/src/public-api.mjs":{"bytesInOutput":0},"bazel-out/k8-fastbuild/bin/devtools/projects/protocol/src/lib/message-bus.mjs":{"bytesInOutput":32},"bazel-out/k8-fastbuild/bin/devtools/projects/protocol/src/lib/priority-aware-message-bus.mjs":{"bytesInOutput":0},"bazel-out/k8-fastbuild/bin/devtools/projects/protocol/index.mjs":{"bytesInOutput":0},"bazel-out/k8-fastbuild/bin/devtools/projects/shell-chrome/src/app/chrome-message-bus.mjs":{"bytesInOutput":1584},"bazel-out/k8-fastbuild/bin/devtools/projects/shell-chrome/src/app/same-page-message-bus.mjs":{"bytesInOutput":1903},"bazel-out/k8-fastbuild/bin/devtools/projects/shell-chrome/src/app/content-script.mjs":{"bytesInOutput":1233}},"bytes":6475}}}